timestamp_utc,symbol,session,direction,action,price,qty,sl,tp,risk_per_unit,fee_r,order_id,equity_before,equity_after,notes
2026-02-13 16:10:03,IRYS/USDT:USDT,ny,long,ENTRY,0.04351900,78480.000000,0.04326400,0.04390200,0.00025500,0.0683,13453fdf-3a57-4fb0-91b5-f4fb89f59246,1000.64,,fc_high=0.043416 fc_low=0.043112
2026-02-13 16:10:03,IRYS/USDT:USDT,ny,long,ENTRY,0.04341600,65830.000000,0.04326400,0.04364400,0.00015200,0.1143,b9f9518c-d2d1-43f8-9264-2c031366585e,1000.64,,SCALE-IN limit @ FC boundary
2026-02-13 16:10:05,CLO/USDT:USDT,ny,long,ENTRY,0.08358000,10289.000000,0.08164000,0.08650000,0.00194500,0.0172,ba015df1-a6ea-4e17-9393-c045d570839c,1000.64,,fc_high=0.08274 fc_low=0.08053
2026-02-13 16:10:05,CLO/USDT:USDT,ny,long,ENTRY,0.08274000,9055.000000,0.08164000,0.08440000,0.00110500,0.0300,93212273-3275-4dc8-9f81-f81a7fc0be76,1000.64,,SCALE-IN limit @ FC boundary
2026-02-13 16:10:07,WHITEWHALE/USDT:USDT,ny,long,ENTRY,0.09114000,13610.000000,0.08967000,0.09335000,0.00147000,0.0248,d6be8d37-404d-4f07-ad99-531aa5cc4595,1000.64,,fc_high=0.0903 fc_low=0.08904
2026-02-13 16:14:17,IRYS/USDT:USDT,ny,long,EXIT,0.04389900,78480.000000,,,,,13453fdf-3a57-4fb0-91b5-f4fb89f59246,,1027.29,WIN [scale: unfilled]
2026-02-13 16:31:30,CLO/USDT:USDT,ny,long,EXIT,0.08659000,10289.000000,,,,,ba015df1-a6ea-4e17-9393-c045d570839c,,1056.56,WIN [scale: unfilled]
2026-02-14 03:57:44,WHITEWHALE/USDT:USDT,ny,long,EXIT,0.08956000,13610.000000,,,,,d6be8d37-404d-4f07-ad99-531aa5cc4595,,1033.98,LOSS
2026-02-14 08:10:03,CYS/USDT:USDT,london,long,ENTRY,0.45840000,11488.000000,0.45660000,0.46110000,0.00180000,0.1019,17e35f3d-d795-4a5a-b23e-9a4602ee791c,1033.98,,fc_high=0.4576 fc_low=0.4556
2026-02-14 08:10:03,CYS/USDT:USDT,london,long,ENTRY,0.45760000,10339.000000,0.45660000,0.45910000,0.00100000,0.1830,f0dca953-3bde-46e5-91b9-0d439c966b9b,1033.98,,SCALE-IN limit @ FC boundary
2026-02-14 08:16:14,CYS/USDT:USDT,london,long,EXIT,0.46110000,11488.000000,,,,,17e35f3d-d795-4a5a-b23e-9a4602ee791c,,1053.38,WIN [scale: unfilled]
2026-02-14 16:10:03,IRYS/USDT:USDT,ny,long,ENTRY,0.04292900,72460.000000,0.04265300,0.04334300,0.00027600,0.0622,56822a55-cb84-4c6a-ac09-b958321787fd,1000.00,,fc_high=0.042789 fc_low=0.042517
2026-02-14 16:10:03,IRYS/USDT:USDT,ny,long,ENTRY,0.04278900,73520.000000,0.04265300,0.04299300,0.00013600,0.1258,50b5b447-768b-44b4-a13a-e4319652fca6,1000.00,,SCALE-IN limit @ FC boundary
2026-02-14 16:10:05,CLO/USDT:USDT,ny,short,ENTRY,0.08326000,17937.000000,0.08438000,0.08159000,0.00111500,0.0299,2ce48f00-4ebf-44dd-9264-6c7daeca5f20,1000.00,,fc_high=0.08469 fc_low=0.08406
2026-02-14 16:10:06,KITE/USDT:USDT,ny,short,ENTRY,0.18977000,8064.000000,0.19225000,0.18605000,0.00248000,0.0306,7a468374-4bb8-44e3-9a6a-8ea675646347,1000.00,,fc_high=0.19316 fc_low=0.19134
2026-02-14 16:14:12,CLO/USDT:USDT,ny,short,EXIT,0.08168000,17937.000000,,,,,2ce48f00-4ebf-44dd-9264-6c7daeca5f20,,1018.26,WIN
2026-02-14 16:16:18,IRYS/USDT:USDT,ny,long,EXIT,0.04256900,72460.000000,,,,,56822a55-cb84-4c6a-ac09-b958321787fd,,967.43,LOSS [+scale: -1.618R]
2026-02-14 17:04:33,KITE/USDT:USDT,ny,short,EXIT,0.18617000,8064.000000,,,,,7a468374-4bb8-44e3-9a6a-8ea675646347,,994.70,WIN
2026-02-15 00:10:03,ACU/USDT:USDT,asia,short,ENTRY,0.11074000,32882.000000,0.11135000,0.10983000,0.00060500,0.0732,0dcaac12-ed0d-461c-984e-a2aa3827bb38,994.70,,fc_high=0.11175 fc_low=0.11094
2026-02-15 00:10:03,ACU/USDT:USDT,asia,short,ENTRY,0.11094000,24560.000000,0.11135000,0.10983000,0.00040500,0.1096,58ad5fe4-74e1-4d54-9c85-c1a43cd8f5dc,994.70,,SCALE-IN limit @ FC boundary
2026-02-15 00:10:04,CLO/USDT:USDT,asia,short,ENTRY,0.08629000,31830.000000,0.08691000,0.08535000,0.00062500,0.0552,4c659717-6dcb-43e3-b28c-e0c716602d5b,994.70,,fc_high=0.08745 fc_low=0.08638
2026-02-15 00:15:14,CLO/USDT:USDT,asia,short,EXIT,0.08702000,31830.000000,,,,,4c659717-6dcb-43e3-b28c-e0c716602d5b,,945.55,LOSS
2026-02-15 00:22:19,ACU/USDT:USDT,asia,short,EXIT,0.11167000,32882.000000,,,,,0dcaac12-ed0d-461c-984e-a2aa3827bb38,,890.76,LOSS [+scale: -1.780R]
2026-02-15 08:10:03,MYX/USDT:USDT,london,short,ENTRY,2.11300000,1176.000000,2.13000000,2.08800000,0.01700000,0.0497,794abf80-0f11-4b89-ad29-c070424fbd45,1000.00,,fc_high=2.142 fc_low=2.118
2026-02-15 08:10:03,MYX/USDT:USDT,london,short,ENTRY,2.11800000,588.000000,2.13000000,2.08800000,0.01700000,0.0497,f4199191-5456-49c4-982b-244b5bfecb8f,1000.00,,SCALE-OUT conditional stop @ FC boundary
2026-02-15 08:10:04,CYS/USDT:USDT,london,short,ENTRY,0.51230000,3921.000000,0.51740000,0.50460000,0.00510000,0.0402,6d802f34-0b5a-4e70-b0f3-63231fa71ded,1000.00,,fc_high=0.52 fc_low=0.5148
2026-02-15 08:10:05,CYS/USDT:USDT,london,short,ENTRY,0.51480000,1960.000000,0.51740000,0.50460000,0.00510000,0.0402,65611a38-a282-4b03-9f11-e08bc374a472,1000.00,,SCALE-OUT conditional stop @ FC boundary
2026-02-15 08:10:06,WHITEWHALE/USDT:USDT,london,short,ENTRY,0.08245000,52630.000000,0.08283000,0.08188000,0.00038000,0.0868,35e4f6a2-0c04-4a34-9834-a1eeef0abf17,1000.00,,fc_high=0.08312 fc_low=0.08254
2026-02-15 08:10:06,WHITEWHALE/USDT:USDT,london,short,ENTRY,0.08254000,26310.000000,0.08283000,0.08188000,0.00038000,0.0868,e33a56f2-3307-4bd2-a2f9-61cc87e24184,1000.00,,SCALE-OUT conditional stop @ FC boundary
2026-02-15 08:14:27,WHITEWHALE/USDT:USDT,london,short,EXIT,0.08295000,52630.000000,,,,,35e4f6a2-0c04-4a34-9834-a1eeef0abf17,,941.40,LOSS [scale-out: filled]
2026-02-15 08:28:33,MYX/USDT:USDT,london,short,EXIT,2.09100000,1176.000000,,,,,794abf80-0f11-4b89-ad29-c070424fbd45,,949.32,WIN [scale-out: filled]
2026-02-15 08:45:39,CYS/USDT:USDT,london,short,EXIT,0.50550000,3921.000000,,,,,6d802f34-0b5a-4e70-b0f3-63231fa71ded,,961.96,WIN [scale-out: filled]
2026-02-15 16:10:03,ZKP/USDT:USDT,ny,long,ENTRY,0.10243000,22755.000000,0.10148000,0.10385000,0.00095000,0.0431,49794169-ec7c-4ade-9d5a-06d6a3055dda,1080.88,,fc_high=0.10178 fc_low=0.10118
2026-02-15 16:10:04,LAB/USDT:USDT,ny,short,ENTRY,0.13520000,28074.000000,0.13597000,0.13404000,0.00077000,0.0702,c861710f-0609-4134-98d3-0b8ac8bdfc85,1080.88,,fc_high=0.13627 fc_low=0.13567
2026-02-15 16:10:06,CLO/USDT:USDT,ny,short,ENTRY,0.08068000,24847.000000,0.08155000,0.07938000,0.00087000,0.0371,d7dc4dc9-cae6-478e-8b9f-547c74d09982,1080.88,,fc_high=0.08238 fc_low=0.08072
2026-02-15 16:17:15,ZKP/USDT:USDT,ny,long,EXIT,0.10146000,22755.000000,,,,,49794169-ec7c-4ade-9d5a-06d6a3055dda,,1046.56,LOSS
2026-02-15 16:20:17,CLO/USDT:USDT,ny,short,EXIT,0.08173000,24847.000000,,,,,d7dc4dc9-cae6-478e-8b9f-547c74d09982,,1012.31,LOSS
2026-02-15 17:17:35,LAB/USDT:USDT,ny,short,EXIT,0.13493000,28074.000000,,,,,c861710f-0609-4134-98d3-0b8ac8bdfc85,,1006.66,WIN
2026-02-16 00:10:03,CYS/USDT:USDT,asia,long,ENTRY,0.50840000,3837.000000,0.50280000,0.56440000,0.00560000,0.0363,2cc60901-160b-4a2e-b00d-a6ba3216a3b3,1074.47,,fc_high=0.5043 fc_low=0.5013 SMART_TP
2026-02-16 00:10:04,CLO/USDT:USDT,asia,long,ENTRY,0.06908000,32559.000000,0.06842000,0.07568000,0.00066000,0.0419,989a3986-114a-4753-9a56-ab9dab36530d,1074.47,,fc_high=0.06886 fc_low=0.06798 SMART_TP
2026-02-16 00:10:05,TRUST/USDT:USDT,asia,long,ENTRY,0.07921000,22384.000000,0.07825000,0.08881000,0.00096000,0.0330,702868ef-d454-4995-8b65-1b63568da2b8,1074.47,,fc_high=0.07866 fc_low=0.07784 SMART_TP
2026-02-16 00:10:06,BREV/USDT:USDT,asia,long,ENTRY,0.14126000,11370.000000,0.13937000,0.16016000,0.00189000,0.0299,18faacd3-cb0c-4129-8f77-3225c594ec71,1074.47,,fc_high=0.13965 fc_low=0.13909 SMART_TP
2026-02-16 00:10:08,FHE/USDT:USDT,asia,long,ENTRY,0.04595000,23614.000000,0.04504000,0.05505000,0.00091000,0.0202,75d8e1d7-0407-44e3-b7b4-8f1696188779,1074.47,,fc_high=0.04535 fc_low=0.04473 SMART_TP
2026-02-16 00:10:09,MYX/USDT:USDT,asia,short,ENTRY,2.10700000,565.000000,2.14500000,1.72700000,0.03800000,0.0222,11673522-ff18-46df-996d-1eae8fffa99e,1074.47,,fc_high=2.169 fc_low=2.121 SMART_TP
2026-02-16 00:16:45,TRUST/USDT:USDT,asia,long,EXIT,0.07969000,22384.000000,,,,,702868ef-d454-4995-8b65-1b63568da2b8,,1073.34,WIN
2026-02-16 00:39:50,BREV/USDT:USDT,asia,long,EXIT,0.13931000,11370.000000,,,,,18faacd3-cb0c-4129-8f77-3225c594ec71,,1050.19,LOSS
2026-02-16 00:45:20,CLO/USDT:USDT,asia,long,EXIT,0.06830000,32559.000000,,,,,989a3986-114a-4753-9a56-ab9dab36530d,,1014.61,LOSS
2026-02-16 00:46:08,MYX/USDT:USDT,asia,short,EXIT,2.03500000,565.000000,,,,,11673522-ff18-46df-996d-1eae8fffa99e,,1051.25,WIN
2026-02-16 00:51:40,FHE/USDT:USDT,asia,long,EXIT,0.04499000,23614.000000,,,,,75d8e1d7-0407-44e3-b7b4-8f1696188779,,1026.90,LOSS
2026-02-16 01:05:07,CYS/USDT:USDT,asia,long,EXIT,0.50240000,3837.000000,,,,,2cc60901-160b-4a2e-b00d-a6ba3216a3b3,,1005.37,LOSS
2026-02-16 08:10:03,HANA/USDT:USDT,london,short,ENTRY,0.03980300,70610.000000,0.04009700,0.03685800,0.00029450,0.0541,a736b461-142c-42db-813a-601605039428,1039.85,,fc_high=0.04022 fc_low=0.039975 TRAIL_v3
2026-02-16 08:10:04,MYX/USDT:USDT,london,long,ENTRY,1.95600000,1386.000000,1.94100000,2.10600000,0.01500000,0.0522,39f7a1eb-d214-4894-a83c-84164dc24c6b,1039.85,,fc_high=1.955 fc_low=1.927 TRAIL_v3
2026-02-16 08:10:06,WHITEWHALE/USDT:USDT,london,short,ENTRY,0.08725000,19430.000000,0.08832000,0.07655000,0.00107000,0.0326,56f7717f-7580-44ad-8b23-b2c45e7c79d3,1039.85,,fc_high=0.08873 fc_low=0.08791 TRAIL_v3
2026-02-16 08:18:04,MYX/USDT:USDT,london,long,EXIT,1.94700000,1386.000000,,,,,39f7a1eb-d214-4894-a83c-84164dc24c6b,,1015.73,LOSS
2026-02-16 08:18:51,HANA/USDT:USDT,london,short,EXIT,0.03992400,70610.000000,,,,,a736b461-142c-42db-813a-601605039428,,998.24,LOSS
2026-02-16 08:20:54,WHITEWHALE/USDT:USDT,london,short,EXIT,0.08610000,19430.000000,,,,,56f7717f-7580-44ad-8b23-b2c45e7c79d3,,1014.67,WIN
2026-02-16 16:10:05,ZKP/USDT:USDT,ny,long,ENTRY,0.09244000,72737.000000,0.09215000,0.09534000,0.00029000,0.1275,3c08d4fc-3621-4112-afec-e017017dc79c,1054.70,,fc_high=0.09237 fc_low=0.09193 TRAIL_v3
2026-02-16 16:10:10,STBL/USDT:USDT,ny,long,ENTRY,0.04029000,52083.000000,0.03989000,0.04434000,0.00040500,0.0398,963ebace-dbfd-46f7-be5a-a4989aa0083d,1054.70,,fc_high=0.03995 fc_low=0.03982 TRAIL_v3
2026-02-16 16:17:31,ZKP/USDT:USDT,ny,long,EXIT,0.09215000,72737.000000,,,,,3c08d4fc-3621-4112-afec-e017017dc79c,,1005.71,LOSS
2026-02-16 17:36:06,STBL/USDT:USDT,ny,long,EXIT,0.04061000,52083.000000,,,,,963ebace-dbfd-46f7-be5a-a4989aa0083d,,1013.79,WIN
2026-02-17 00:10:03,CYS/USDT:USDT,asia,short,ENTRY,0.52440000,7875.000000,0.52690000,0.49990000,0.00245000,0.0856,c1b2c6c2-e45f-4524-ad5d-c05ea21def4e,964.70,,fc_high=0.5281 fc_low=0.5256 TRAIL_v3
2026-02-17 00:10:07,MYX/USDT:USDT,asia,short,ENTRY,1.89000000,1607.000000,1.90200000,1.77000000,0.01200000,0.0630,14747cec-a5e8-429a-a3a3-2e2c23622db2,964.70,,fc_high=1.908 fc_low=1.896 TRAIL_v3
2026-02-17 00:19:25,MYX/USDT:USDT,asia,short,EXIT,1.86800000,1607.000000,,,,,14747cec-a5e8-429a-a3a3-2e2c23622db2,,958.07,WIN
