symbol,strategy,tf,side,entry_price,stop_dist,conviction,grade,source,entry_ts,outcome,pnl_r,exit_ts,ema8_slope,ema21_slope,price_vs_ema8,price_vs_ema21,ema8_21_spread,ema_ribbon_width,atr_pct,atr_expansion,stop_atr_ratio,rsi,rsi_roc,bb_position,bb_width_pct,vol_ratio,vol_trend,body_ratio,upper_wick_ratio,lower_wick_ratio,body_direction,range_5bar_pct,range_20bar_pct,position_in_range,momentum_10,momentum_20,direction_alignment
PIPPIN/USDT:USDT,EMA_RIB,1h,long,0.73503,0.024845,75.1,A,hunter,2026-02-23T22:30:31.706353+00:00,loss,-1.8686,2026-02-23T22:30:34.390389+00:00,1.0968,2.5418,1.0685,4.8441,3.7357,2.0345,3.3887,0.9964,0.9965,75.09,-8.2,0.7399,14.9526,0.2483,0.7109,0.6556,0.214,0.1304,1.0,5.1064,18.618,0.7694,2.5179,14.5763,1.0
WLFI/USDT:USDT,PIN_BAR,1h,short,0.11059,0.002222,65.5,A,hunter,2026-02-23T22:30:41.610876+00:00,,0.0,,-1.422,-1.0126,-0.8664,-2.0397,-1.1836,-0.7784,1.9933,0.9643,1.008,36.46,-4.71,0.1616,6.8485,0.0937,0.4871,0.1446,0.7831,0.0723,-1.0,2.5047,9.386,0.3218,-1.0203,-2.5209,3.0
AGLD/USDT:USDT,TR_PULL,1h,long,0.31532,0.017411,53.7,B,hunter,2026-02-23T22:52:45.938974+00:00,win,0.0009,2026-02-23T22:52:50.639935+00:00,-5.6174,-4.0891,-0.7503,-5.2097,-4.4931,-3.6457,5.5033,0.8147,0.9994,41.86,4.77,0.2659,41.1353,0.215,0.3425,0.5459,0.1095,0.3447,1.0,5.8822,44.3437,0.1173,-5.4284,-14.5222,-1.0
ETH/USDT:USDT,TR_PULL,15m,short,1854.71,8.828076,70.5,A,hunter,2026-02-24T00:06:33.514763+00:00,loss,-1.2279,2026-02-24T00:17:15.101068+00:00,-0.2332,-0.1759,-0.161,-0.391,-0.2303,-0.1178,0.4787,0.799,0.9942,42.11,-0.42,0.3449,1.2653,0.4979,0.9558,0.0879,0.7343,0.1778,-1.0,0.8793,1.2632,0.3969,-0.4081,0.1285,3.0
SOL/USDT:USDT,EMA_RIB,15m,short,78.24,0.420816,68.5,A,hunter,2026-02-24T00:17:14.090935+00:00,win,1.8976,2026-02-24T01:13:42.765847+00:00,-0.3108,-0.2327,0.1196,-0.1014,-0.2208,-0.115,0.5442,0.8181,0.9875,47.5,1.27,0.5185,1.384,0.1086,0.776,0.4444,0.0,0.5556,1.0,1.111,1.6345,0.5703,-0.584,0.0639,3.0
XAUT/USDT:USDT,EMA_RIB,15m,long,5208.6,15.6258,79.5,A,hunter,2026-02-24T00:17:15.584687+00:00,loss,-0.278,2026-02-24T00:17:32.364198+00:00,0.0077,0.0875,-0.0354,0.0904,0.1258,0.0619,0.1807,1.0029,1.6597,57.04,-16.13,0.5522,0.5812,0.0767,0.7468,1.0,0.0,0.0,1.0,0.6181,0.86,0.5759,0.0884,0.3139,3.0
FARTCOIN/USDT:USDT,EMA_RIB,15m,short,0.1451,0.001413,70.1,A,hunter,2026-02-24T00:17:16.713926+00:00,win,1.8763,2026-02-24T01:05:43.931964+00:00,-1.0599,-0.7772,-0.6392,-1.5587,-0.9254,-0.5932,0.9774,0.8711,0.9961,33.96,-7.4,0.0827,4.0677,0.1132,1.142,0.575,0.125,0.3,-1.0,2.8938,4.9883,0.2334,-2.0251,-2.4597,3.0
HYPE/USDT:USDT,TR_PULL,15m,short,26.425,0.197765,72.1,A,hunter,2026-02-24T00:22:39.082062+00:00,loss,-0.1191,2026-02-24T00:22:55.696103+00:00,-0.0086,-0.0802,0.1321,0.0445,-0.0874,-0.0189,0.7574,0.8358,0.9885,48.52,5.04,0.5629,1.555,0.4306,0.693,0.3429,0.4429,0.2143,-1.0,1.0184,2.0671,0.5842,-0.4035,0.7322,3.0
BTC/USDT:USDT,TR_PULL,15m,short,64799.6,274.435165,70.4,A,hunter,2026-02-24T00:28:01.663324+00:00,win,1.7038,2026-02-24T01:13:44.702989+00:00,0.0412,0.0033,0.0969,0.1013,0.0043,0.0461,0.4258,0.8218,0.9946,50.45,0.01,0.7122,1.8008,0.7734,0.5557,0.2348,0.5816,0.1836,-1.0,0.7741,1.7781,0.8389,-0.2002,0.9656,1.0
ESP/USDT:USDT,BB_FADE,15m,short,0.10499,0.003576,73.5,A,portfolio,2026-02-24T01:00:01.641956+00:00,loss,-0.0754,2026-02-24T01:00:04.308398+00:00,1.5854,0.2734,1.6018,1.6194,0.0173,0.0163,3.4194,1.1848,0.996,57.53,13.31,0.7608,6.4759,2.1262,1.6699,0.0326,0.6226,0.3448,-1.0,15.7063,17.6112,0.3288,3.083,0.2387,-1.0
ETH/USDT:USDT,EMA_RIB,15m,short,1838.26,9.60461,84.9,A+,hunter,2026-02-24T01:16:05.177439+00:00,loss,-1.0356,2026-02-24T01:16:19.704121+00:00,-0.3538,-0.2135,-1.0235,-1.3656,-0.3456,-0.2183,0.55,0.9747,0.9523,32.48,-14.85,-0.2925,1.7583,1.6337,1.5488,0.7407,0.1356,0.1237,-1.0,1.9908,2.005,0.0479,-1.6543,-1.1726,3.0
AGLD/USDT:USDT,TR_PULL,15m,short,0.31439,0.008683,65.5,A,hunter,2026-02-24T01:16:09.541346+00:00,win,0.024,2026-02-24T01:16:21.635092+00:00,1.9543,1.1079,-1.4836,-0.9763,0.515,0.4882,2.7373,1.3847,1.0116,47.02,-5.21,0.4642,9.1648,0.1394,1.922,0.7633,0.2367,0.0,-1.0,8.6926,12.5191,0.3444,-0.0255,3.413,1.0
BCH/USDT:USDT,EMA_RIB,15m,short,492.1,3.985024,80.0,A+,hunter,2026-02-24T01:16:10.824513+00:00,loss,-0.0171,2026-02-24T01:16:23.561522+00:00,-0.6645,-0.7787,-0.7806,-1.8513,-1.0791,-0.6232,0.8283,0.8906,0.9796,30.46,-1.28,0.0633,2.933,0.1506,0.7062,0.9091,0.0909,0.0,-1.0,1.6494,3.6652,0.2389,-2.2297,0.2245,3.0
SOL/USDT:USDT,BB_BREAK,15m,short,77.27,0.56581,86.2,A+,hunter,2026-02-24T01:21:29.841661+00:00,loss,-1.0332,2026-02-24T01:26:06.952570+00:00,-0.3524,-0.2517,-0.724,-1.1045,-0.3833,-0.2466,0.7355,1.1412,0.9945,34.97,-10.84,-0.0886,1.9561,7.3913,2.2496,0.0321,0.0695,0.8984,-1.0,3.6199,4.1241,0.5266,-1.3393,-1.2385,3.0
FARTCOIN/USDT:USDT,BB_FADE,15m,long,0.14357,0.001717,68.5,A,hunter,2026-02-24T01:21:35.282730+00:00,,0.0,,-1.1855,-0.9318,-0.8129,-1.9698,-1.1664,-0.7665,1.1985,1.0996,0.9987,30.37,-2.48,0.0959,5.6706,3.987,1.6219,0.1493,0.0924,0.7583,1.0,4.0926,7.732,0.3454,-2.7066,-3.0158,-1.0
BNB/USDT:USDT,TR_PULL,15m,short,596.8,2.984659,80.0,A+,hunter,2026-02-24T01:21:36.355712+00:00,loss,-1.1917,2026-02-24T01:26:08.875437+00:00,0.2375,0.1143,-0.1394,-0.082,0.0575,0.074,0.5017,1.1422,0.9963,48.01,-2.13,0.5349,1.2,6.2315,2.0429,0.0227,0.0909,0.8864,1.0,2.2274,2.2274,0.6015,-0.0837,0.6066,1.0
POWER/USDT:USDT,BB_FADE,1h,short,0.531,0.039074,52.5,B,hunter,2026-02-24T01:27:00.227730+00:00,,0.0,,10.4601,5.9374,5.89,12.0952,5.8601,4.3794,7.3512,1.7537,1.0017,63.0,-2.54,0.9451,29.4465,0.2631,0.8532,0.7975,0.1523,0.0501,-1.0,15.3381,36.7632,0.8677,33.0892,16.1468,-1.0
ADA/USDT:USDT,BB_FADE,15m,long,0.2622,0.00166,61.6,B,hunter,2026-02-24T01:27:01.562849+00:00,,0.0,,-0.0611,-0.0774,-0.2826,-0.451,-0.1688,-0.082,0.6351,1.0736,0.9966,41.52,-5.43,0.1748,1.2199,6.8646,1.9659,0.1091,0.1455,0.7455,1.0,2.6316,2.8223,0.6351,-0.6065,-0.0381,-1.0
BTC/USDT:USDT,EMA_RIB,1h,short,64245.0,616.245228,95.4,A+,hunter,2026-02-24T01:52:56.917588+00:00,win,1.3948,2026-02-24T01:53:13.088733+00:00,-0.4325,-0.5941,-0.6982,-1.5303,-0.8379,-0.5213,0.9546,1.1701,1.0051,33.48,2.05,0.1303,4.586,3.2486,1.0274,0.4454,0.0,0.5546,-1.0,2.4867,4.9616,0.2639,-1.6936,-2.2622,3.0
SUI/USDT:USDT,TR_PULL,1h,short,0.8819,0.012009,65.3,A,hunter,2026-02-24T01:53:01.102587+00:00,,0.0,,0.0171,-0.4304,-0.0302,-0.7135,-0.6835,-0.3753,1.3556,1.0618,1.0047,43.34,4.02,0.3493,5.3575,2.0363,0.7966,0.2108,0.1031,0.6861,-1.0,2.5292,5.7729,0.334,-0.1246,-1.1547,1.0
ENSO/USDT:USDT,BB_FADE,1h,long,1.992,0.06211,59.0,B,hunter,2026-02-24T01:53:02.934357+00:00,,0.0,,0.3209,-0.0318,0.7241,0.6657,-0.058,0.008,3.1565,0.8701,0.9875,53.32,1.68,0.6413,4.4187,1.7457,1.1372,0.1082,0.2154,0.6764,1.0,5.0841,7.2171,0.5737,0.927,-2.199,3.0
XRP/USDT:USDT,TR_PULL,1h,short,1.3525,0.016092,72.6,A,hunter,2026-02-24T01:55:31.243377+00:00,win,0.0817,2026-02-24T01:55:44.013610+00:00,-0.6341,-0.5409,-0.4816,-1.1559,-0.6776,-0.4395,1.1864,1.0724,1.0041,39.53,0.69,0.2065,5.0731,2.0391,0.7214,0.1476,0.1616,0.6908,-1.0,3.0128,7.284,0.252,-1.0764,-1.1994,3.0
LA/USDT:USDT,BB_FADE,15m,long,0.21521,0.004602,55.1,B,hunter,2026-02-24T01:55:33.038434+00:00,loss,-0.5515,2026-02-24T02:46:53.530274+00:00,-4.4045,-2.3443,-2.6562,-5.1468,-2.5585,-1.7608,2.1212,1.2696,1.0099,31.0,-25.34,0.0503,12.8299,0.2841,1.5851,0.3185,0.4476,0.2339,1.0,11.5311,12.0618,0.1054,-4.6941,-8.4005,-1.0
TRIA/USDT:USDT,ENGULF,1h,long,0.017805,0.000626,53.3,B,portfolio,2026-02-24T02:00:01.489424+00:00,loss,-1.0956,2026-02-24T02:03:44.461009+00:00,2.8106,2.8546,2.0263,5.7061,3.6067,2.3726,3.5141,1.1195,0.9999,67.24,-0.09,0.8205,19.0662,2.2906,1.0467,0.2272,0.6955,0.0773,1.0,6.706,19.253,0.8241,7.2267,15.4819,3.0
RAVE/USDT:USDT,RSI_FADE,15m,long,0.28007,0.005798,64.3,B,hunter,2026-02-24T02:00:53.481863+00:00,loss,-0.6851,2026-02-24T02:07:07.911936+00:00,-3.2186,-1.6644,-2.2655,-3.9785,-1.7527,-1.3682,1.9839,1.018,1.044,28.41,-13.82,-0.0375,9.4211,0.2197,1.4295,0.7807,0.2193,0.0,1.0,7.2916,10.2533,0.1895,-6.6188,-7.2501,-1.0
WLFI/USDT:USDT,EMA_RIB,15m,short,0.1099,0.000969,73.1,A,hunter,2026-02-24T02:06:15.197487+00:00,win,1.149,2026-02-24T03:16:30.627025+00:00,-0.178,-0.2126,-0.221,-0.4592,-0.2387,-0.1246,0.8899,1.0457,0.9906,44.95,-3.11,0.299,1.7853,0.5836,2.1023,0.7264,0.0283,0.2453,-1.0,2.8566,2.9294,0.5528,0.0819,-0.839,1.0
RIVER/USDT:USDT,EMA_RIB,15m,long,8.818,0.262414,72.0,A,hunter,2026-02-24T02:11:36.339328+00:00,loss,-1.04,2026-02-24T02:11:47.412247+00:00,-0.4852,1.728,-1.2995,1.3718,2.7065,1.5674,2.9713,1.801,1.0013,55.91,-7.6,0.5776,21.8697,0.5902,1.2493,0.3252,0.0982,0.5767,1.0,6.3605,20.6122,0.5336,0.2501,11.858,1.0
ESP/USDT:USDT,BB_FADE,15m,long,0.10139,0.003543,47.3,C,portfolio,2026-02-24T02:15:02.332530+00:00,win,2.086,2026-02-24T02:15:09.128966+00:00,-1.2796,-0.6434,-0.6101,-1.3621,-0.7567,-0.5306,3.5621,1.1309,0.9811,47.22,-11.95,0.3344,6.32,1.2209,1.0301,0.3135,0.2914,0.3951,1.0,7.4761,18.9565,0.167,-1.887,-3.1059,-1.0
SOL/USDT:USDT,TR_PULL,15m,short,77.78,0.600368,80.2,A+,hunter,2026-02-24T02:22:16.110420+00:00,loss,-1.0967,2026-02-24T02:32:57.175122+00:00,-0.2828,-0.256,-0.0828,-0.3814,-0.2989,-0.1875,0.7799,1.1724,0.9896,42.68,7.93,0.2747,1.9832,0.3219,2.1579,0.2128,0.4681,0.3191,-1.0,3.3295,4.1008,0.6646,-0.6133,-0.7147,3.0
FARTCOIN/USDT:USDT,EMA_RIB,15m,short,0.14136,0.001676,82.2,A+,hunter,2026-02-24T02:38:16.326450+00:00,loss,-0.0156,2026-02-24T03:42:24.221023+00:00,-1.2585,-1.0189,-1.0744,-2.3419,-1.2813,-0.8538,1.1966,1.0543,0.9904,27.96,-9.08,0.0497,5.6909,0.4928,0.6688,0.5247,0.2222,0.2531,-1.0,3.0115,6.6096,0.1989,-2.2053,-4.6573,1.0
XRP/USDT:USDT,EMA_RIB,1h,short,1.3372,0.015743,87.8,A+,hunter,2026-02-24T03:20:47.029211+00:00,win,0.0757,2026-02-24T03:20:54.897246+00:00,-0.8766,-0.6595,-1.0565,-1.8799,-0.8322,-0.5609,1.1738,1.0255,1.0034,33.88,-6.28,0.0915,5.7976,0.497,0.7919,0.8468,0.0,0.1532,-1.0,2.6859,7.362,0.1067,-2.0375,-2.1021,3.0
BNB/USDT:USDT,BB_FADE,15m,long,595.7,3.032416,64.7,B,hunter,2026-02-24T03:20:48.927141+00:00,loss,-1.2961,2026-02-24T03:36:39.345255+00:00,-0.1953,-0.0538,-0.2816,-0.3491,-0.0677,-0.0514,0.5129,1.1145,0.9928,43.39,-7.15,0.1715,1.1375,0.203,0.6212,0.25,0.2,0.55,1.0,1.3266,2.2334,0.4812,-0.2345,-0.318,-1.0
BTC/USDT:USDT,BB_FADE,15m,long,62933.6,252.936575,78.8,A,hunter,2026-02-24T13:44:15.790062+00:00,win,2.1044,2026-02-24T13:44:26.478733+00:00,-0.2906,-0.166,-0.1677,-0.3405,-0.173,-0.1112,0.409,0.984,0.9828,38.5,-9.98,0.0381,0.7632,6.6109,2.0897,0.058,0.2371,0.7048,1.0,1.4195,1.5557,0.5117,-0.3489,-0.6775,-1.0
ETH/USDT:USDT,TR_PULL,15m,short,1818.34,8.984266,90.1,A+,hunter,2026-02-24T13:44:18.086123+00:00,win,1.1488,2026-02-24T14:32:36.571387+00:00,-0.1493,-0.0861,-0.2056,-0.3095,-0.1041,-0.0651,0.5028,0.9867,0.9828,40.01,-10.12,0.0347,0.6452,8.0383,2.167,0.0646,0.0943,0.8411,-1.0,1.7105,2.0223,0.5771,-0.1417,-0.6649,3.0
SOL/USDT:USDT,BB_FADE,15m,long,76.51,0.3999,79.5,A,hunter,2026-02-24T13:44:20.604938+00:00,loss,-1.2269,2026-02-24T13:44:28.461770+00:00,-0.1905,-0.0994,-0.0868,-0.1849,-0.0982,-0.0586,0.5338,0.9331,0.9787,44.91,-8.77,0.3081,0.8033,4.1523,1.4948,0.1795,0.2564,0.5641,1.0,1.3457,1.607,0.5041,-0.1305,-0.5587,-1.0
PIPPIN/USDT:USDT,EMA_RIB,1h,long,0.7726,0.044982,63.3,B,hunter,2026-02-24T13:49:43.642221+00:00,loss,-0.2157,2026-02-24T14:58:25.439106+00:00,-0.001,0.9367,3.7067,5.1187,1.3615,0.6278,5.8329,1.5836,0.9992,58.4,-11.89,0.8671,11.5105,1.3559,2.4346,0.7468,0.2049,0.0484,1.0,30.3821,30.3821,0.5006,5.3539,7.1501,1.0
WHITEWHALE/USDT:USDT,MTF_RSI,1h,short,0.0565,0.002457,40.6,C,portfolio,2026-02-24T14:00:02.450670+00:00,loss,-0.1276,2026-02-24T14:00:06.384392+00:00,6.1981,4.146,0.6318,4.5599,3.9034,2.9534,4.3704,1.1279,0.9952,58.59,-0.06,0.7806,22.7534,1.5333,2.2307,0.3116,0.0704,0.6181,-1.0,11.6637,21.2566,0.6045,10.3516,14.0262,-1.0
XRP/USDT:USDT,EMA_RIB,15m,short,1.316,0.00645,92.3,A+,hunter,2026-02-24T14:34:04.083174+00:00,loss,-0.7734,2026-02-24T14:36:29.964178+00:00,-0.4773,-0.2061,-0.8048,-1.0428,-0.2399,-0.1869,0.4911,0.987,0.999,29.1,-16.24,-0.3673,1.3174,2.7074,1.7461,0.8447,0.0874,0.068,-1.0,1.4833,1.7876,0.0298,-1.3951,-1.2247,1.0
XAUT/USDT:USDT,BB_FADE,15m,long,5115.6,15.3468,80.5,A+,hunter,2026-02-24T14:39:43.581976+00:00,loss,-0.2342,2026-02-24T14:39:51.946237+00:00,-0.4747,-0.2971,0.0341,-0.2609,-0.295,-0.2099,0.2781,1.5434,1.0787,41.52,1.44,0.2645,1.5825,1.2478,2.5905,0.7569,0.0138,0.2294,1.0,1.1748,1.6243,0.4922,-0.4437,-0.6699,-1.0
BTC/USDT:USDT,BB_FADE,15m,long,63329.1,280.187964,70.1,A,hunter,2026-02-24T14:45:16.488210+00:00,win,1.1828,2026-02-24T14:53:29.269612+00:00,0.1517,-0.0068,0.4024,0.3992,-0.0032,0.0182,0.4201,1.0884,1.0524,57.26,19.97,0.9333,0.9453,0.0603,1.3578,0.9353,0.0,0.0647,1.0,1.1726,1.6343,0.9184,0.4618,0.3161,3.0
ETH/USDT:USDT,BB_BREAK,15m,long,1835.24,11.24996,78.9,A,hunter,2026-02-24T14:56:23.745466+00:00,win,1.2758,2026-02-24T14:56:35.429809+00:00,0.0856,-0.0314,0.6709,0.6837,0.0127,0.0286,0.6135,1.2748,0.999,61.79,23.03,1.1381,1.1089,3.4336,1.8211,0.3802,0.5443,0.0755,1.0,2.4632,2.7536,0.7604,0.6979,0.582,3.0
HYPE/USDT:USDT,BB_FADE,15m,short,26.673,0.200202,75.1,A,hunter,2026-02-24T15:02:01.769265+00:00,win,1.6818,2026-02-24T15:02:13.079219+00:00,0.4896,0.2724,-0.2404,0.0121,0.2531,0.1739,0.7955,1.2076,0.9507,51.7,-5.88,0.5188,1.8039,0.975,1.876,0.9563,0.0344,0.0094,-1.0,2.5802,3.5964,0.4107,0.463,0.0151,-1.0
POWER/USDT:USDT,TR_PULL,1h,long,0.48964,0.068115,80.6,A+,hunter,2026-02-24T15:02:04.358472+00:00,win,0.3853,2026-02-24T15:02:15.303195+00:00,-14.6679,-5.3552,1.3126,-0.6383,-1.9256,-2.0901,13.8591,1.4674,1.0,49.99,-11.46,0.4188,52.9883,0.028,1.6038,0.5151,0.304,0.1809,1.0,58.0413,69.6639,0.4308,-6.2511,-5.2662,-1.0
FARTCOIN/USDT:USDT,BB_FADE,15m,short,0.14402,0.001436,50.0,B,hunter,2026-02-24T15:07:36.124028+00:00,loss,-1.0657,2026-02-24T15:16:29.625753+00:00,0.9445,0.5975,0.5666,1.2597,0.6892,0.4841,0.9902,1.0798,1.0055,66.93,6.54,0.9727,2.8561,1.0885,1.3637,0.3133,0.0267,0.66,-1.0,3.2099,4.1251,0.7328,1.4988,1.5775,-1.0
ENSO/USDT:USDT,BB_BREAK,1h,long,2.7023,0.120047,74.8,A,hunter,2026-02-24T15:18:30.736372+00:00,loss,-0.9992,2026-02-24T15:33:05.774318+00:00,13.8415,7.4571,14.3866,23.8155,8.243,6.0708,4.4181,1.6553,1.0081,86.9,19.54,1.2174,29.951,1.6999,1.9048,0.3006,0.2511,0.4482,1.0,23.7088,30.7955,0.934,33.5051,35.8262,1.0
BCH/USDT:USDT,EMA_RIB,1h,short,476.5,6.75793,87.7,A+,hunter,2026-02-24T15:18:32.835296+00:00,loss,-0.2537,2026-02-24T18:24:44.194354+00:00,-0.9833,-1.6102,-0.7328,-3.0272,-2.3114,-1.3085,1.4131,0.9282,1.0043,25.7,4.13,0.181,6.3631,0.725,0.7987,0.4,0.0933,0.5067,-1.0,1.911,7.9588,0.1003,-1.2443,-3.7396,1.0
RIVER/USDT:USDT,BB_FADE,15m,short,8.791,0.165607,65.0,A,hunter,2026-02-24T15:56:52.969773+00:00,loss,-1.1177,2026-02-24T16:01:59.999328+00:00,1.1714,0.8393,1.0273,2.0967,1.0586,0.7356,1.8486,1.0107,1.0186,61.06,0.09,0.836,6.6083,0.7529,0.8067,0.3611,0.45,0.1889,-1.0,4.2865,8.4139,0.6676,3.6902,-1.3128,-1.0
BTC/USDT:USDT,BB_BREAK,15m,long,64172.5,326.501818,85.8,A+,hunter,2026-02-24T16:07:47.050263+00:00,loss,-1.0796,2026-02-24T16:28:37.235438+00:00,0.888,0.4569,0.7355,1.1945,0.4556,0.3492,0.5118,1.256,0.9943,71.08,11.51,1.0858,2.3437,1.4779,1.1309,0.4613,0.502,0.0367,1.0,1.7462,3.0768,0.8807,2.0502,1.6111,1.0
VIRTUAL/USDT:USDT,RSI_FADE,15m,short,0.6037,0.005788,46.5,C,portfolio,2026-02-24T16:30:01.934308+00:00,win,0.6965,2026-02-24T16:30:11.222181+00:00,1.9889,1.301,1.0955,2.4879,1.3773,0.995,0.9578,1.3103,1.0009,74.88,-2.15,0.9348,6.8921,0.6707,1.42,0.2571,0.3143,0.4286,-1.0,2.2528,6.4933,0.8954,4.0145,4.6274,-1.0
ETH/USDT:USDT,MTF_RSI,15m,short,1840.16,11.585143,72.1,A,hunter,2026-02-24T16:35:32.214727+00:00,win,1.9059,2026-02-24T16:35:34.904477+00:00,0.5946,0.421,-0.0849,0.3528,0.4381,0.3188,0.6294,1.2082,1.0001,56.18,-14.85,0.6997,2.7303,0.7729,0.8957,0.8133,0.0606,0.1261,-1.0,1.2731,3.5633,0.6624,1.4755,0.8101,-1.0
HYPE/USDT:USDT,EMA_RIB,15m,long,27.085,0.22554,86.9,A+,hunter,2026-02-24T16:41:05.904047+00:00,win,1.5142,2026-02-24T16:41:14.287553+00:00,0.8573,0.5684,0.9217,1.6228,0.6948,0.4927,0.8315,1.2392,1.0012,68.23,6.89,1.0423,3.3742,0.7299,1.0645,0.6132,0.0988,0.2881,1.0,1.8678,3.8537,0.9684,2.4777,2.3731,3.0
POWER/USDT:USDT,TR_PULL,15m,short,0.46233,0.038118,55.9,B,hunter,2026-02-24T16:41:07.762560+00:00,win,0.4928,2026-02-24T16:41:16.268577+00:00,0.6538,-0.6389,-1.2966,-2.592,-1.3124,-0.3464,8.2387,0.8845,1.0064,46.63,-3.14,0.5738,43.4072,0.233,0.4281,0.4037,0.4853,0.111,-1.0,11.4263,54.8887,0.4587,-0.6698,-14.0402,1.0
ESP/USDT:USDT,BB_FADE,15m,long,0.16464,0.007999,79.6,A,portfolio,2026-02-24T16:45:02.822923+00:00,win,1.4037,2026-02-24T16:45:07.600033+00:00,-4.0251,-1.5065,-3.1655,-4.4912,-1.369,-1.7124,4.9319,0.9171,0.9851,43.22,-9.81,0.0362,16.9949,0.6624,0.9204,0.072,0.78,0.148,1.0,10.5321,23.0321,0.1466,-6.9883,-9.9491,-1.0
BTC/USDT:USDT,EMA_RIB,1h,short,64061.1,602.327897,83.7,A+,hunter,2026-02-24T17:52:30.520148+00:00,loss,-1.12,2026-02-24T17:52:33.146641+00:00,0.6562,-0.1002,0.5629,0.271,-0.2903,-0.0694,0.946,1.0002,0.9943,48.62,22.01,0.6585,3.8099,0.8877,1.4746,0.4096,0.5848,0.0056,-1.0,3.2445,4.0022,0.6304,1.0822,-1.0139,-1.0
SAND/USDT:USDT,MTF_RSI,1h,short,0.07907,0.000923,68.6,A,portfolio,2026-02-24T18:00:04.594979+00:00,loss,-1.04,2026-02-24T18:00:14.478725+00:00,1.1394,0.3123,0.5162,0.7019,0.1847,0.2218,1.1702,1.0062,0.9978,53.33,13.93,0.7885,3.4785,1.1752,1.4027,0.8243,0.0811,0.0946,-1.0,3.655,3.7182,0.6905,1.5671,0.534,-1.0
ETH/USDT:USDT,EMA_RIB,15m,long,1856.16,10.835453,75.3,A,hunter,2026-02-24T18:03:41.458974+00:00,loss,-1.1389,2026-02-24T18:14:40.427953+00:00,0.3141,0.3817,0.1934,0.6861,0.4918,0.3257,0.5782,1.0344,1.0094,65.03,-4.16,0.7526,3.4963,0.0974,0.5626,0.3883,0.4515,0.1602,1.0,0.8618,3.6383,0.883,0.5557,2.0221,3.0
SOL/USDT:USDT,EMA_RIB,15m,long,78.11,0.485201,72.9,A,hunter,2026-02-24T18:03:43.536195+00:00,loss,-1.1626,2026-02-24T18:13:37.216772+00:00,0.4505,0.4505,0.2309,0.7666,0.5344,0.3626,0.6151,1.0504,1.0102,64.64,-5.55,0.7857,3.4807,0.2397,0.6648,0.4091,0.4318,0.1591,1.0,0.922,3.7649,0.8776,1.0743,2.212,3.0
XRP/USDT:USDT,BB_FADE,1h,short,1.3542,0.015121,76.8,A,hunter,2026-02-24T18:14:25.642250+00:00,loss,-0.8689,2026-02-24T18:14:42.388772+00:00,1.116,0.2892,0.4965,0.6125,0.1154,0.1742,1.124,0.9831,0.9937,53.5,18.04,0.8117,3.3339,0.3075,1.3726,0.363,0.6296,0.0074,-1.0,4.0999,4.0999,0.7586,1.7131,0.1999,-1.0
PIPPIN/USDT:USDT,EMA_RIB,15m,long,0.8043,0.022164,72.7,A,hunter,2026-02-24T18:19:50.770304+00:00,win,1.1904,2026-02-24T20:14:33.137841+00:00,1.9225,1.3621,1.5657,3.1827,1.592,1.068,2.76,0.7863,0.999,62.85,8.46,1.0345,5.1833,0.2798,0.6591,0.5605,0.1681,0.2714,1.0,5.1765,8.3763,0.7597,3.1994,4.7377,3.0
HYPE/USDT:USDT,EMA_RIB,15m,long,26.999,0.211256,78.5,A,hunter,2026-02-24T18:19:52.882357+00:00,win,1.1827,2026-02-24T20:09:22.983192+00:00,-0.0495,0.2977,0.1127,0.6104,0.4971,0.2965,0.7766,1.038,1.008,59.36,-11.23,0.6905,3.2819,0.0991,0.5422,0.4752,0.1683,0.3564,1.0,1.4043,4.4501,0.756,0.1559,1.9338,1.0
SUI/USDT:USDT,EMA_RIB,15m,long,0.8669,0.005945,76.2,A,hunter,2026-02-24T18:25:20.097534+00:00,win,1.9862,2026-02-24T18:25:32.060831+00:00,-0.175,0.1047,0.187,0.4445,0.257,0.1535,0.6809,1.0537,1.007,57.24,-4.96,0.6664,3.3504,0.2996,0.5596,0.7069,0.1552,0.1379,1.0,0.8997,4.06,0.7756,-0.5506,2.06,-1.0
POWER/USDT:USDT,TR_PULL,15m,short,0.54629,0.031371,59.0,B,hunter,2026-02-24T18:52:41.683276+00:00,loss,-0.2387,2026-02-24T19:14:00.739449+00:00,6.7163,3.9024,5.4795,9.9023,4.193,3.3794,5.7267,0.7905,0.9981,61.8,6.8,0.9533,24.2666,0.2396,0.4897,0.0923,0.399,0.5087,1.0,11.2202,38.3798,0.9338,21.1786,36.0443,-1.0
XRP/USDT:USDT,TR_PULL,1h,short,1.3502,0.013909,80.0,A+,hunter,2026-02-24T22:53:21.822434+00:00,,0.0,,0.4499,0.2749,-0.0632,0.1563,0.2196,0.2127,1.0452,0.9041,0.9855,49.69,-7.03,0.7029,3.6073,0.4479,0.6153,0.1266,0.7595,0.1139,-1.0,1.3553,4.1102,0.6973,1.5339,1.4348,-1.0
PIPPIN/USDT:USDT,PIN_BAR,15m,long,0.81045,0.018442,67.9,A,hunter,2026-02-24T22:53:23.757615+00:00,win,1.6882,2026-02-24T22:53:33.846780+00:00,-1.0721,0.0589,-0.3494,0.203,0.5543,0.1333,2.3323,0.846,0.9738,51.88,0.35,0.4218,7.2833,0.3118,0.7095,0.1487,0.0283,0.823,1.0,2.4373,8.7897,0.3671,-3.7254,1.9358,-1.0
POWER/USDT:USDT,BB_BREAK,1h,long,0.75504,0.072827,93.8,A+,hunter,2026-02-24T22:53:25.641962+00:00,,0.0,,26.3914,12.1748,22.5711,36.3896,11.2739,8.3104,9.617,1.2777,1.002,69.68,17.28,1.0644,49.8319,1.2412,0.893,0.7619,0.1996,0.0385,1.0,35.8732,57.4888,0.9478,112.5482,49.8592,3.0
HYPE/USDT:USDT,EMA_RIB,15m,long,27.202,0.189642,81.0,A+,hunter,2026-02-24T22:53:27.767918+00:00,loss,-1.1078,2026-02-24T23:08:00.200407+00:00,0.1432,0.2153,0.1265,0.4272,0.3003,0.1614,0.6937,0.946,1.0051,57.61,2.5,0.7226,1.7,0.2302,0.632,0.4267,0.3467,0.2267,1.0,1.0624,1.8896,0.7121,0.2026,0.9725,3.0
RIVER/USDT:USDT,DONCHIAN,15m,short,8.744,0.201097,75.2,A,hunter,2026-02-24T22:53:29.649471+00:00,win,0.7441,2026-02-24T23:16:51.500263+00:00,-3.2067,-0.9969,-3.8597,-4.6198,-0.7907,-0.8556,2.3067,0.9717,0.996,35.24,-23.96,-0.1569,8.9949,1.0937,0.7156,0.8509,0.0,0.1491,-1.0,8.4428,13.1498,0.0295,-7.8049,-7.2382,3.0
BTC/USDT:USDT,TR_PULL,15m,long,64061.7,240.378689,86.9,A+,hunter,2026-02-24T22:58:50.373906+00:00,loss,-1.4311,2026-02-24T22:58:58.473764+00:00,-0.1123,-0.0247,-0.0736,-0.0719,0.0017,-0.0401,0.372,0.8235,1.0087,49.62,2.37,0.2778,1.1309,0.3898,0.465,0.0292,0.3372,0.6337,1.0,0.416,1.4282,0.2944,-0.6163,0.1958,-1.0
BTC/USDT:USDT,TR_PULL,1h,short,64031.1,525.830303,96.7,A+,hunter,2026-02-24T23:04:12.559637+00:00,loss,-1.4317,2026-02-24T23:04:22.563661+00:00,0.3022,0.1511,-0.0773,-0.0006,0.0768,0.1332,0.8402,0.8648,0.9777,46.5,-6.13,0.6776,3.3464,0.0192,0.5041,0.6983,0.2824,0.0193,-1.0,1.4295,3.5754,0.6925,0.9122,1.0556,-1.0
BTC/USDT:USDT,IB_BREAK,1h,short,63874.5,540.701732,93.0,A+,hunter,2026-02-24T23:09:34.579377+00:00,loss,-1.1207,2026-02-24T23:09:50.842348+00:00,0.2414,0.1262,-0.2897,-0.2489,0.0409,0.1047,0.8642,0.8861,0.9802,43.95,-8.68,0.601,3.325,0.1433,0.5259,0.8248,0.1075,0.0678,-1.0,1.4334,3.5852,0.6161,0.6366,0.7796,-1.0
ETH/USDT:USDT,TR_PULL,1h,short,1853.44,18.108006,89.9,A+,hunter,2026-02-24T23:09:36.646483+00:00,loss,-1.4879,2026-02-24T23:09:53.040363+00:00,0.4269,0.2106,0.0082,0.1831,0.1749,0.2024,0.9965,0.8782,0.9813,48.62,-1.3,0.7273,3.2358,0.0723,0.4686,0.9139,0.0,0.0861,-1.0,1.0476,3.6479,0.8108,0.9926,1.2123,-1.0
BTC/USDT:USDT,TR_PULL,1h,short,64018.6,540.701732,90.4,A+,hunter,2026-02-24T23:14:59.879043+00:00,loss,-0.506,2026-02-24T23:17:56.052087+00:00,0.3149,0.1562,-0.033,0.0512,0.0843,0.1392,0.8613,0.8861,0.9802,47.07,-5.56,0.6933,3.3529,0.2213,0.5395,0.149,0.1075,0.7435,-1.0,1.4287,3.5733,0.7085,0.9698,1.1132,-1.0
ETH/USDT:USDT,TR_PULL,1h,short,1855.54,18.108006,83.8,A+,hunter,2026-02-24T23:15:01.829411+00:00,,0.0,,0.4733,0.2295,0.1699,0.3724,0.2022,0.2241,0.9944,0.8782,0.9813,50.61,0.68,0.7846,3.2716,0.1099,0.4752,0.4779,0.0,0.5221,-1.0,1.0455,3.6403,0.8678,1.2026,1.4227,-1.0
BTC/USDT:USDT,TR_PULL,15m,long,64078.3,231.527032,97.4,A+,hunter,2026-02-24T23:20:23.497756+00:00,loss,-0.5053,2026-02-24T23:20:32.196282+00:00,-0.0842,-0.0214,-0.0092,-0.0122,-0.003,-0.039,0.3602,0.8196,1.0029,50.6,-2.8,0.3144,1.0954,0.2426,0.575,0.8243,0.1314,0.0443,1.0,0.5993,1.4276,0.3258,-0.1695,-0.381,-1.0
PIPPIN/USDT:USDT,EMA_RIB,15m,long,0.81567,0.017365,82.4,A+,hunter,2026-02-24T23:20:25.987213+00:00,win,1.5145,2026-02-24T23:20:34.313409+00:00,-0.4644,0.1478,0.2609,0.7335,0.4714,0.1031,2.1615,0.8143,0.9838,55.62,1.98,0.4562,6.0501,0.2222,0.4988,0.5328,0.3422,0.125,1.0,2.4236,8.6202,0.4236,-2.0429,2.6822,-1.0
BTC/USDT:USDT,TR_PULL,15m,long,64099.5,238.648461,88.4,A+,hunter,2026-02-24T23:25:48.062158+00:00,loss,-0.5054,2026-02-24T23:25:59.425863+00:00,-0.0845,-0.0216,-0.0103,-0.0135,-0.0032,-0.0391,0.37,0.8411,1.0063,50.56,-2.83,0.3132,1.0956,0.4748,0.6152,0.3309,0.651,0.0181,1.0,0.5993,1.4276,0.3248,-0.1709,-0.3823,-1.0
HYPE/USDT:USDT,BB_FADE,15m,short,27.298,0.190103,64.7,B,hunter,2026-02-24T23:34:15.872494+00:00,win,0.6762,2026-02-24T23:49:44.876429+00:00,0.3087,0.2784,0.1977,0.573,0.3745,0.2211,0.6952,0.9701,1.0019,59.77,4.61,0.8093,1.6393,0.4252,0.6224,0.5669,0.3937,0.0394,-1.0,1.5682,2.0006,0.7766,0.4305,1.4346,-1.0
RIVER/USDT:USDT,BB_FADE,15m,long,8.62,0.194541,91.9,A+,hunter,2026-02-24T23:34:18.112755+00:00,win,0.6699,2026-02-24T23:34:31.743436+00:00,-4.6407,-2.2252,-2.0216,-4.0581,-2.0785,-1.7607,2.2955,0.9563,0.9776,36.93,-7.53,0.0855,13.8526,0.435,1.0315,0.9096,0.0621,0.0282,1.0,7.2673,15.9073,0.1291,-7.4122,-5.4738,-1.0
SUI/USDT:USDT,TR_PULL,15m,short,0.8622,0.004143,68.5,A,hunter,2026-02-24T23:34:21.394327+00:00,loss,-1.5371,2026-02-24T23:34:33.697602+00:00,-0.0538,-0.0487,-0.0492,-0.1199,-0.0707,-0.0708,0.479,0.8437,1.0032,47.15,-2.24,0.326,1.3297,0.1705,0.5,0.0625,0.8125,0.125,-1.0,0.7887,1.531,0.3712,0.1626,-0.5307,1.0
ADA/USDT:USDT,TR_PULL,1h,short,0.2591,0.002565,77.9,A,hunter,2026-02-24T23:34:23.456560+00:00,,0.0,,-0.0177,-0.0277,-0.1527,-0.2287,-0.0761,0.0119,1.006,0.8877,0.9838,44.71,-5.83,0.5993,2.7006,0.7008,0.7657,0.0952,0.0952,0.8095,-1.0,1.7361,3.5494,0.6304,0.6211,0.5821,1.0
ZEC/USDT:USDT,PIN_BAR,1h,long,243.85,3.391955,71.9,A,hunter,2026-02-24T23:34:25.383913+00:00,loss,-1.04,2026-02-24T23:34:35.644652+00:00,1.1737,0.9982,0.3166,1.4201,1.1,0.8355,1.4109,0.985,0.9859,58.47,-9.16,0.7606,9.2595,0.4059,0.6159,0.2874,0.1255,0.587,1.0,2.1694,7.3078,0.8075,4.3521,4.4549,3.0
LA/USDT:USDT,EMA_RIB,15m,long,0.24793,0.009114,54.9,B,hunter,2026-02-24T23:39:51.024087+00:00,loss,-1.033,2026-02-25T00:03:37.725793+00:00,-4.3254,-0.1817,-1.7023,-0.3682,1.3572,0.4038,3.6732,1.4542,1.0009,51.7,-10.51,0.4408,21.9299,0.2498,0.6455,0.3333,0.1214,0.5453,1.0,7.9434,25.6737,0.2458,-2.2015,5.2122,-1.0
GPS/USDT:USDT,BB_FADE,15m,long,0.010102,0.000216,61.5,B,hunter,2026-02-24T23:39:52.871432+00:00,loss,-0.31,2026-02-24T23:40:55.860224+00:00,-0.3782,-0.945,-0.0669,-1.4511,-1.3851,-0.664,2.1053,0.7755,1.0142,40.29,2.25,0.4554,3.2782,1.115,1.0167,0.0266,0.1649,0.8085,1.0,3.1395,5.1401,0.5145,0.288,1.3755,1.0
AVAX/USDT:USDT,TR_PULL,1h,short,8.31,0.084674,80.2,A+,hunter,2026-02-24T23:39:54.890881+00:00,loss,-1.04,2026-02-24T23:40:06.124076+00:00,-0.2325,-0.1366,-0.2109,-0.3778,-0.1672,-0.0578,1.0402,0.8855,0.9798,42.77,-7.07,0.5128,2.209,0.3791,0.5395,0.0615,0.0154,0.9231,-1.0,2.0221,3.1295,0.5231,-0.0962,0.4959,3.0
KITE/USDT:USDT,TR_PULL,15m,long,0.25469,0.003549,78.3,A,hunter,2026-02-24T23:45:18.620026+00:00,loss,-0.236,2026-02-24T23:45:34.909763+00:00,-0.2998,-0.0229,-0.5034,-0.5058,-0.0024,-0.1198,1.3898,0.836,1.0019,46.62,-2.77,0.1426,3.3815,0.0136,0.53,0.9643,0.0,0.0357,1.0,1.7854,5.1167,0.1794,-0.6743,-1.3433,-1.0
PIPPIN/USDT:USDT,TR_PULL,15m,long,0.80661,0.016155,79.5,A,hunter,2026-02-25T00:28:31.284003+00:00,win,1.6856,2026-02-25T00:28:48.440842+00:00,-0.5584,-0.1247,-0.234,-0.2607,-0.0268,-0.1771,2.0298,0.803,0.9858,51.77,-3.92,0.2912,6.1489,0.4992,0.6146,0.4201,0.2513,0.3286,1.0,2.7198,7.3557,0.1625,-0.6436,-0.5567,-1.0
STEEM/USDT:USDT,BB_BREAK,15m,long,0.05828,0.001002,53.3,B,hunter,2026-02-25T00:28:35.451081+00:00,loss,-1.04,2026-02-25T00:28:50.399849+00:00,3.8253,1.0708,9.4185,10.8724,1.3288,1.2729,1.7391,1.4695,0.9897,78.2,43.64,1.4102,11.5322,5.9753,2.9041,0.9507,0.0493,0.0,1.0,13.0838,13.5646,0.9722,14.1513,10.2404,1.0
HYPE/USDT:USDT,EMA_RIB,15m,long,27.259,0.182844,73.3,A,hunter,2026-02-25T00:41:20.491505+00:00,,0.0,,-0.1266,0.0718,0.1644,0.3595,0.1948,0.086,0.6752,0.9268,0.9944,55.9,-7.65,0.6661,1.0724,0.4467,0.669,0.1071,0.5982,0.2946,1.0,1.3219,1.7075,0.6108,0.3723,0.125,1.0
RIVER/USDT:USDT,TR_PULL,15m,long,8.591,0.189091,63.0,B,hunter,2026-02-25T00:41:22.364518+00:00,,0.0,,-2.316,-1.8787,-1.1719,-3.4265,-2.2813,-1.7556,2.189,0.9275,1.0055,35.86,5.48,0.1914,17.2717,0.2434,0.914,0.039,0.3636,0.5974,1.0,3.4105,16.0517,0.0725,-5.2289,-7.054,-1.0
SUI/USDT:USDT,TR_PULL,15m,short,0.8632,0.003989,65.3,A,hunter,2026-02-25T00:56:04.340287+00:00,loss,-1.2648,2026-02-25T01:03:20.658652+00:00,-0.1299,-0.1165,0.2639,0.1815,-0.0822,-0.0621,0.4694,0.8623,0.984,52.84,6.44,0.5734,1.4826,0.964,1.0394,0.1304,0.087,0.7826,1.0,0.8221,1.598,0.5,0.0232,-0.4036,1.0
GPS/USDT:USDT,TR_PULL,15m,short,0.010177,0.00021,68.0,A,hunter,2026-02-25T01:07:01.022817+00:00,loss,-1.0872,2026-02-25T01:17:08.436438+00:00,1.0676,-0.1745,0.5693,-0.046,-0.6118,-0.1241,2.0896,0.8291,0.9877,47.8,13.05,0.7176,3.5869,0.2108,0.8061,0.1467,0.3467,0.5067,-1.0,5.6935,6.0175,0.6737,1.4945,0.3151,-1.0
AAVE/USDT:USDT,EMA_RIB,15m,long,117.36,0.804944,101.4,A+,hunter,2026-02-25T01:12:33.903999+00:00,loss,-1.3354,2026-02-25T01:12:43.836389+00:00,0.5763,0.2337,2.2717,2.6497,0.3696,0.2917,0.6942,1.1818,0.9864,72.15,21.45,1.4488,2.9408,7.1142,1.7887,0.9802,0.0,0.0198,1.0,3.1901,3.9387,1.0,2.8704,2.6817,1.0
TAO/USDT:USDT,BB_BREAK,15m,long,173.6,1.499779,79.8,A,hunter,2026-02-25T01:28:53.781098+00:00,loss,-0.7301,2026-02-25T01:44:57.289580+00:00,1.0427,0.2378,2.6452,3.0325,0.3773,0.3359,0.8716,1.3627,0.9915,71.36,38.17,1.2468,4.1462,3.2736,1.8629,0.6264,0.158,0.2155,1.0,5.2726,5.2726,0.9399,3.4577,2.293,1.0
LINK/USDT:USDT,MOM_SURGE,30m,long,8.52,0.074712,93.8,A+,portfolio,2026-02-25T01:30:02.930936+00:00,win,0.0072,2026-02-25T01:30:17.501463+00:00,0.804,0.3495,2.9281,3.4759,0.5322,0.4126,0.8827,1.2553,0.9934,77.44,27.51,1.5489,3.2243,7.7455,1.922,0.7725,0.2143,0.0132,1.0,5.0704,5.1526,0.8155,3.486,3.7759,1.0
BREV/USDT:USDT,MOM_SURGE,30m,long,0.13341,0.001615,74.1,A,portfolio,2026-02-25T01:30:04.877096+00:00,win,0.246,2026-02-25T01:30:19.458696+00:00,0.7119,0.4294,2.0403,2.6237,0.5717,0.3711,1.2144,1.0044,0.9966,68.29,11.32,1.3264,3.0315,2.5354,1.4503,0.8366,0.1585,0.0049,1.0,3.5679,4.1676,0.8831,3.3465,1.7543,3.0
WIF/USDT:USDT,MOM_SURGE,30m,long,0.20287,0.00233,66.3,A,portfolio,2026-02-25T01:30:06.882835+00:00,loss,-1.0804,2026-02-25T01:51:23.028809+00:00,0.5231,-0.0443,2.8878,2.9241,0.0354,0.0913,1.153,1.1951,0.9963,68.12,31.78,1.0719,4.6499,3.6806,1.3513,0.6836,0.236,0.0804,1.0,6.0679,6.0679,0.8115,3.2943,1.6077,3.0
HYPE/USDT:USDT,BB_BREAK,1h,long,27.642,0.395311,82.9,A+,hunter,2026-02-25T01:50:38.123895+00:00,,0.0,,1.0602,0.7618,1.4042,2.3779,0.9602,0.7461,1.4594,0.9632,0.9812,63.74,5.46,0.9983,5.6481,2.2604,0.9922,0.3654,0.6096,0.0249,1.0,3.7093,6.8934,0.8071,1.6983,5.2459,3.0
RIVER/USDT:USDT,EMA_RIB,15m,short,8.803,0.190804,81.6,A+,hunter,2026-02-25T01:56:07.189301+00:00,win,1.2103,2026-02-25T01:56:15.419070+00:00,1.0575,-0.3412,0.0425,-0.8383,-0.8804,-0.5304,2.1726,0.9528,0.999,46.17,9.13,0.4139,13.6301,0.7608,0.8484,0.6667,0.0109,0.3224,-1.0,5.4488,11.5914,0.2944,1.2555,-7.0031,-1.0
PIPPIN/USDT:USDT,EMA_RIB,15m,long,0.8132,0.016615,80.8,A+,hunter,2026-02-25T02:23:03.636836+00:00,,0.0,,0.8817,0.4517,-0.223,-0.0325,0.191,0.0828,2.0292,0.9482,1.009,50.41,-0.68,0.5185,3.9069,0.4552,1.2533,0.4253,0.1315,0.4432,1.0,4.8648,5.3293,0.3803,1.0308,0.0765,3.0
TAO/USDT:USDT,EMA_RIB,15m,long,173.6,1.416826,88.1,A+,hunter,2026-02-25T02:56:04.037909+00:00,loss,-1.1177,2026-02-25T03:20:07.480883+00:00,1.502,1.0125,0.6917,1.7626,1.0636,0.7943,0.8283,1.1655,0.9853,67.3,-0.31,0.8382,6.8589,0.3218,0.8748,0.6301,0.0,0.3699,1.0,1.6244,5.5818,0.8937,4.1267,3.0512,3.0
RIVER/USDT:USDT,DONCHIAN,15m,long,9.351,0.177049,84.0,A+,hunter,2026-02-25T04:22:44.183911+00:00,loss,-1.0665,2026-02-25T04:22:46.967137+00:00,2.2067,1.2275,2.1443,3.4988,1.3261,1.0623,1.9165,0.9311,0.9864,66.3,6.89,0.9722,9.9866,0.4113,0.7504,0.8707,0.0259,0.1034,1.0,3.5878,9.2365,0.9965,3.9055,7.8669,3.0
BNB/USDT:USDT,TR_PULL,15m,long,593.9,2.743844,82.0,A+,hunter,2026-02-25T04:22:46.598762+00:00,loss,-1.4108,2026-02-25T04:23:04.347805+00:00,-0.3196,0.0992,-0.1142,0.1699,0.2844,0.1509,0.4619,1.0225,1.0002,54.95,-7.57,0.5571,4.2736,0.6478,0.6544,0.2941,0.2941,0.4118,1.0,1.0608,3.4854,0.6184,-1.2142,1.6082,-1.0
ZEC/USDT:USDT,TR_PULL,15m,long,238.06,2.112823,77.1,A,hunter,2026-02-25T04:22:49.217896+00:00,win,0.2812,2026-02-25T04:36:45.661918+00:00,-1.9546,-0.9254,-1.1412,-1.9908,-0.8594,-0.6804,0.9029,1.1107,0.9832,32.94,-10.2,0.0863,5.6456,0.3625,1.2202,0.6545,0.1818,0.1636,1.0,2.7855,6.2012,0.1294,-4.0938,-2.1862,-1.0
HYPE/USDT:USDT,TR_PULL,15m,long,27.048,0.215259,82.1,A+,hunter,2026-02-25T04:28:14.185171+00:00,loss,-0.5828,2026-02-25T04:28:29.017275+00:00,-1.2285,-0.5076,-0.4625,-0.8246,-0.3638,-0.3327,0.7966,1.0553,0.9986,42.22,-7.07,0.227,4.137,0.6763,1.0702,0.2159,0.4148,0.3693,1.0,2.0067,4.2203,0.2005,-2.4021,-0.6097,-1.0
KITE/USDT:USDT,EMA_RIB,15m,long,0.26449,0.004273,82.4,A+,hunter,2026-02-25T04:28:19.211119+00:00,loss,-0.2015,2026-02-25T04:28:31.184349+00:00,-0.1975,0.2472,0.2948,0.7385,0.4424,0.2123,1.6115,1.0603,1.0026,54.86,1.92,0.608,6.3311,0.8709,0.6582,0.5907,0.0765,0.3328,1.0,3.2367,6.5943,0.59,-1.6401,3.8848,-1.0
ENSO/USDT:USDT,EMA_RIB,15m,long,2.8981,0.072089,85.4,A+,hunter,2026-02-25T04:39:07.651437+00:00,win,1.6482,2026-02-25T05:01:06.799336+00:00,1.9734,1.3397,2.3096,4.0291,1.6806,1.2366,2.4815,1.053,1.0046,65.41,-0.48,0.9938,8.8965,0.6457,1.1326,0.6818,0.1088,0.2094,1.0,6.2837,11.651,0.8563,7.7508,8.2753,3.0
ENSO/USDT:USDT,EMA_RIB,15m,long,2.9744,0.084517,85.9,A+,hunter,2026-02-25T06:17:13.657250+00:00,win,0.0675,2026-02-25T07:16:54.027755+00:00,2.064,2.1258,1.0108,3.3964,2.3617,1.5772,2.8201,1.1451,1.0085,60.08,-9.3,0.7744,14.977,0.1609,1.3965,0.8532,0.1468,0.0,1.0,9.7247,16.6835,0.639,4.0218,7.9791,3.0
TAO/USDT:USDT,TR_PULL,15m,long,171.57,1.290073,89.9,A+,hunter,2026-02-25T07:22:02.145311+00:00,,0.0,,-0.4007,-0.1462,-0.0487,-0.1517,-0.103,-0.1327,0.744,0.9486,1.0105,49.27,-0.5,0.2805,2.5131,0.5552,0.6005,0.6349,0.2143,0.1508,1.0,1.2705,2.7975,0.2667,-1.2773,-0.901,-1.0
ENSO/USDT:USDT,TR_PULL,15m,long,2.8064,0.09128,96.0,A+,hunter,2026-02-25T09:43:24.307444+00:00,win,0.0677,2026-02-25T09:43:36.994132+00:00,-4.6737,-2.0846,-0.3834,-1.9148,-1.5373,-1.3919,3.2426,1.0682,1.0,45.62,-5.66,0.2305,15.4076,0.9016,1.1979,0.8823,0.0378,0.0799,1.0,9.4633,17.0545,0.3008,-5.7234,-5.2155,-1.0
LA/USDT:USDT,EMA_RIB,15m,long,0.25134,0.004577,74.8,A,hunter,2026-02-25T09:43:27.507836+00:00,loss,-0.8963,2026-02-25T09:43:39.104388+00:00,-0.2224,0.1052,0.8397,1.1352,0.293,0.2189,1.9354,0.8868,0.9409,55.37,0.91,0.7913,4.1196,0.3537,1.3215,0.8652,0.0,0.1348,1.0,4.2333,5.7492,0.6851,1.1673,2.4247,1.0
ETH/USDT:USDT,EMA_RIB,15m,long,1939.89,8.413366,84.0,A+,hunter,2026-02-25T12:35:25.188815+00:00,win,1.2878,2026-02-25T12:54:40.900083+00:00,0.7232,0.4768,0.6234,1.189,0.5622,0.3981,0.4478,0.9267,0.9689,77.33,10.05,1.0024,2.5755,0.7128,1.4782,0.3371,0.3876,0.2753,1.0,1.1731,2.7582,0.9583,1.4283,2.4816,1.0
HYPE/USDT:USDT,EMA_RIB,15m,long,27.329,0.176157,74.3,A,hunter,2026-02-25T12:35:29.445409+00:00,win,0.737,2026-02-25T12:55:22.096121+00:00,0.8087,0.3554,0.743,1.0687,0.3233,0.2905,0.6478,1.0697,0.995,64.57,8.47,1.1081,2.1728,0.4994,1.3675,0.4438,0.0355,0.5207,1.0,1.6101,2.5798,0.8553,1.8258,1.5797,3.0
AVAX/USDT:USDT,BB_BREAK,15m,long,9.226,0.0682,98.4,A+,hunter,2026-02-25T12:35:35.316741+00:00,win,1.067,2026-02-25T12:55:02.862704+00:00,2.5541,1.6926,2.3022,4.3087,1.9613,1.3849,0.7524,1.3019,0.9835,91.86,7.58,1.0693,8.1102,5.4679,2.288,0.7009,0.243,0.0561,1.0,3.7869,7.6389,0.9631,5.1575,7.5128,1.0
SOL/USDT:USDT,EMA_RIB,15m,long,83.5,0.383615,77.0,A,hunter,2026-02-25T12:46:23.514439+00:00,win,0.85,2026-02-25T12:54:44.193854+00:00,0.6104,0.4415,0.4297,0.9438,0.5119,0.3476,0.4824,0.9039,0.952,68.97,1.16,0.9841,2.0257,0.3789,1.478,0.2609,0.5652,0.1739,1.0,0.9459,2.1193,0.9266,1.0526,1.8785,3.0
PIPPIN/USDT:USDT,MTF_RSI,15m,long,0.76438,0.013192,78.5,A,hunter,2026-02-25T12:46:27.094679+00:00,loss,-0.6204,2026-02-25T13:02:05.140700+00:00,-0.102,-0.6275,-0.1149,-1.1057,-0.992,-0.5759,1.7286,0.9903,0.9989,42.09,8.07,0.3203,5.8385,0.057,1.711,0.7461,0.2508,0.0031,1.0,5.306,6.7405,0.3437,0.0065,-3.5011,1.0
XRP/USDT:USDT,EMA_RIB,15m,long,1.3985,0.006341,95.8,A+,hunter,2026-02-25T12:57:09.760492+00:00,win,0.859,2026-02-25T13:30:51.093565+00:00,0.7934,0.47,0.8017,1.3535,0.5474,0.4012,0.4658,0.9836,0.9731,76.96,12.03,1.0944,2.4479,1.9859,1.506,0.4857,0.3619,0.1524,1.0,1.6083,2.9164,0.9069,1.7011,2.5961,1.0
POWER/USDT:USDT,BB_BREAK,15m,long,0.78969,0.027446,94.6,A+,hunter,2026-02-25T13:13:27.884271+00:00,win,0.1127,2026-02-25T13:15:57.385436+00:00,3.0685,2.132,3.6784,6.5168,2.7377,1.8898,3.4606,0.9196,1.003,68.95,9.96,1.0723,11.9019,4.3856,1.9506,0.0826,0.1662,0.7512,1.0,8.0154,12.467,0.906,6.3409,9.2274,3.0
ZEC/USDT:USDT,BB_BREAK,15m,long,243.25,1.766045,84.5,A+,hunter,2026-02-25T13:24:23.843477+00:00,,0.0,,0.9632,0.4329,1.0424,1.4522,0.4056,0.3445,0.7413,1.0506,0.9789,64.73,16.74,1.0755,2.6405,1.8595,1.4766,0.7325,0.231,0.0365,1.0,2.2518,3.1147,0.8997,2.7009,2.6749,3.0
TAO/USDT:USDT,EMA_RIB,15m,long,179.09,1.391818,91.8,A+,hunter,2026-02-25T13:29:52.743958+00:00,win,0.7349,2026-02-25T13:51:09.975575+00:00,0.7649,0.6449,0.5402,1.3024,0.758,0.4947,0.793,1.0192,0.9807,68.08,4.52,0.912,2.8914,0.8136,1.2515,0.5789,0.2782,0.1429,1.0,1.5925,4.1015,0.906,1.925,3.0282,3.0
HYPE/USDT:USDT,EMA_RIB,15m,long,27.581,0.196519,93.3,A+,hunter,2026-02-25T13:40:41.044698+00:00,win,0.8534,2026-02-25T14:12:02.538480+00:00,1.2333,0.7203,0.6579,1.3755,0.7129,0.5515,0.7172,1.1514,0.9934,65.41,6.36,0.9375,4.0323,0.2084,1.5635,0.9355,0.0323,0.0323,1.0,1.8997,3.4949,0.89,1.9403,2.1517,3.0
ETH/USDT:USDT,BB_BREAK,1h,long,1965.62,21.134704,88.2,A+,hunter,2026-02-25T13:46:06.798121+00:00,loss,-0.2377,2026-02-25T14:40:03.684390+00:00,1.8302,1.2068,2.0052,3.5026,1.4679,1.0487,1.0819,1.0071,0.9934,74.72,12.47,1.0303,7.0004,1.3384,1.0333,0.7701,0.1737,0.0562,1.0,3.202,6.3761,0.9756,3.2006,6.0758,1.0
BNB/USDT:USDT,EMA_RIB,15m,long,614.3,2.180745,87.9,A+,hunter,2026-02-25T13:46:13.033868+00:00,loss,-0.3907,2026-02-25T13:51:28.675804+00:00,0.8809,0.6626,0.519,1.292,0.769,0.5257,0.3539,1.0057,1.0027,83.58,6.19,0.9511,3.0626,0.0118,1.0108,1.0,0.0,0.0,1.0,0.9927,2.4898,0.9542,1.6879,2.1443,1.0
RIVER/USDT:USDT,EMA_RIB,15m,long,9.378,0.135059,90.7,A+,hunter,2026-02-25T13:51:38.274998+00:00,,0.0,,0.2798,0.3642,-0.1331,0.2676,0.4013,0.2293,1.4349,0.8779,1.002,54.1,-8.08,0.5859,2.5771,0.6414,0.9997,0.5811,0.0811,0.3378,1.0,2.2568,3.6193,0.5853,0.8373,0.7832,3.0
AVAX/USDT:USDT,BB_BREAK,1h,long,9.419,0.136506,102.1,A+,hunter,2026-02-25T13:57:06.929973+00:00,win,0.8693,2026-02-25T15:51:43.348518+00:00,5.1467,2.8067,5.0736,8.3583,3.126,2.3275,1.4535,1.3302,0.9972,84.0,22.36,1.1602,13.2001,3.3795,2.1483,0.5468,0.4532,0.0,1.0,9.4818,13.3999,0.9271,10.4103,12.2259,1.0
SOL/USDT:USDT,EMA_RIB,15m,long,84.45,0.477595,88.6,A+,hunter,2026-02-25T14:23:55.432853+00:00,loss,-1.133,2026-02-25T14:36:09.441383+00:00,0.7228,0.5569,0.6878,1.3697,0.6772,0.4627,0.562,1.1587,1.0063,72.27,7.75,1.0031,2.9445,1.0861,1.1695,0.5345,0.3276,0.1379,1.0,1.4328,2.913,0.9228,1.8083,2.6373,1.0
XRP/USDT:USDT,EMA_RIB,15m,long,1.4303,0.008774,93.9,A+,hunter,2026-02-25T14:50:46.305958+00:00,win,0.6766,2026-02-25T15:02:13.236722+00:00,1.1551,0.9058,1.0965,2.1917,1.0834,0.7481,0.6102,1.3459,1.0054,80.95,-1.35,0.9888,4.9825,1.3826,1.6091,0.7802,0.2198,0.0,1.0,1.615,4.3417,0.9356,2.6114,3.5999,1.0
ETH/USDT:USDT,EMA_RIB,15m,long,1988.76,12.081094,102.5,A+,hunter,2026-02-25T14:56:15.250002+00:00,win,0.6188,2026-02-25T15:01:07.386871+00:00,0.9985,0.8403,1.1578,2.2254,1.0554,0.7232,0.603,1.3501,1.0067,85.97,3.24,1.0017,4.8321,2.8155,1.7465,0.7151,0.2849,0.0,1.0,2.0296,4.6055,0.9038,2.6646,3.8204,1.0
HYPE/USDT:USDT,EMA_RIB,15m,long,28.136,0.225543,92.3,A+,hunter,2026-02-25T15:17:55.129802+00:00,loss,-0.9433,2026-02-25T15:22:44.533455+00:00,1.4696,1.1238,0.5233,1.7745,1.2447,0.8608,0.8038,1.2052,0.9989,69.48,-2.69,0.8378,6.2903,0.0524,1.9906,0.4362,0.5638,0.0,1.0,2.5739,6.1054,0.7592,1.7311,4.4587,3.0
ZEC/USDT:USDT,EMA_RIB,15m,long,247.42,2.479288,85.1,A+,hunter,2026-02-25T15:34:15.916808+00:00,loss,-0.2845,2026-02-25T15:58:42.082097+00:00,1.1266,0.865,0.6216,1.6495,1.0216,0.7062,0.9995,1.3536,1.0032,64.81,-0.18,0.8588,5.5806,0.5109,1.9356,0.2235,0.3118,0.4647,1.0,3.1183,5.4843,0.7876,1.1496,3.5602,3.0
UNI/USDT:USDT,BB_BREAK,1h,long,3.978,0.075352,105.2,A+,hunter,2026-02-25T15:56:04.809145+00:00,win,0.8676,2026-02-25T17:33:24.932520+00:00,5.8748,3.4803,7.219,11.562,4.0506,2.9201,1.8953,1.4595,0.9999,88.38,20.21,1.2074,16.1471,3.9144,2.5407,0.7669,0.1907,0.0424,1.0,12.3491,17.9326,0.9369,14.9133,18.9707,1.0
ETH/USDT:USDT,DONCHIAN,15m,long,2033.25,14.942654,95.5,A+,hunter,2026-02-25T16:23:06.812179+00:00,win,0.5843,2026-02-25T17:00:42.155609+00:00,1.7395,1.3319,1.3687,2.9546,1.5645,1.0524,0.7318,1.4019,1.0034,82.16,3.21,0.9793,6.4991,1.0228,1.3693,0.8883,0.0985,0.0132,1.0,2.4476,5.799,0.9848,3.3845,5.8544,1.0
SOL/USDT:USDT,EMA_RIB,15m,long,87.25,0.678759,102.5,A+,hunter,2026-02-25T16:28:35.294051+00:00,win,0.6084,2026-02-25T17:03:51.473653+00:00,1.5589,1.1398,1.6678,3.0649,1.3742,0.9412,0.7738,1.4048,1.005,82.08,9.63,1.082,5.5291,2.0643,1.1892,0.7152,0.2318,0.053,1.0,2.956,5.5568,0.9278,3.7319,5.182,1.0
ZEC/USDT:USDT,DONCHIAN,15m,long,253.59,2.691115,81.3,A+,hunter,2026-02-25T17:05:58.336345+00:00,win,0.7551,2026-02-25T17:13:09.340260+00:00,1.6301,1.2663,1.1068,2.6456,1.522,1.0213,1.0559,1.2636,1.0059,72.9,9.34,0.9392,6.3635,0.9672,0.892,0.0625,0.5987,0.3388,1.0,2.9405,6.5283,0.89,2.0337,5.3647,1.0
ETH/USDT:USDT,BB_BREAK,1h,long,2059.86,25.849094,95.5,A+,hunter,2026-02-25T17:33:04.975794+00:00,win,2.5606,2026-02-25T21:36:55.410722+00:00,4.1397,2.5596,3.2237,6.1451,2.8302,2.0162,1.2593,1.1856,0.9961,85.66,12.84,1.0635,11.3766,1.9218,1.963,0.4983,0.4222,0.0795,1.0,5.8717,11.0426,0.9454,7.9115,10.7923,1.0
SOL/USDT:USDT,BB_BREAK,1h,long,88.54,1.160306,97.4,A+,hunter,2026-02-25T17:54:48.665239+00:00,win,0.8595,2026-02-25T20:58:20.730258+00:00,3.7146,2.5404,3.3997,6.4991,2.9975,2.068,1.3152,1.1493,0.9966,89.13,11.65,1.073,11.2878,1.6623,1.6268,0.6369,0.2484,0.1146,1.0,6.2472,11.8843,0.9629,7.3751,12.0365,1.0
HYPE/USDT:USDT,DONCHIAN,1h,long,28.814,0.441017,90.4,A+,hunter,2026-02-25T18:16:33.300881+00:00,loss,-0.6023,2026-02-25T20:10:01.999338+00:00,3.3749,1.9694,2.2346,4.3124,2.0324,1.4491,1.5332,1.0996,0.9988,72.72,8.67,1.0247,8.6724,0.2248,1.9485,0.5187,0.291,0.1903,1.0,4.288,7.4789,0.9638,7.5507,6.3867,1.0
SUI/USDT:USDT,DONCHIAN,15m,long,1.0035,0.009624,89.5,A+,hunter,2026-02-25T20:14:12.614238+00:00,win,1.0512,2026-02-25T20:35:12.564104+00:00,1.092,1.4237,1.2175,3.2505,2.0085,1.2354,0.9577,1.2017,1.0013,80.55,-10.11,0.8954,7.5591,1.6336,1.1411,0.3406,0.529,0.1304,1.0,3.1589,7.6731,0.9052,2.9336,7.1314,1.0
HYPE/USDT:USDT,EMA_RIB,15m,long,28.719,0.2427,94.5,A+,hunter,2026-02-25T20:35:34.661589+00:00,loss,-0.7427,2026-02-25T21:12:29.318198+00:00,-0.1038,0.3634,0.2072,0.8298,0.6212,0.2968,0.8451,0.9272,0.9998,62.58,-3.07,0.647,3.6224,0.1156,0.4294,0.8853,0.1147,0.0,1.0,1.0584,4.2022,0.7125,-0.3642,2.6812,-1.0
RIVER/USDT:USDT,TR_PULL,1h,long,9.12,0.342586,84.3,A+,hunter,2026-02-25T21:39:22.625667+00:00,,0.0,,-2.5002,-1.0507,1.3572,0.7197,-0.629,-0.674,3.812,0.9519,0.9854,52.55,-0.27,0.4469,10.4771,0.8172,1.1231,0.7706,0.1778,0.0515,1.0,8.9035,10.9101,0.5829,-3.645,2.3454,-1.0
BCH/USDT:USDT,TR_PULL,15m,long,512.2,3.368946,76.2,A,hunter,2026-02-25T22:06:41.426737+00:00,loss,-1.0575,2026-02-25T22:30:48.219167+00:00,-0.3086,-0.0801,0.0284,0.0517,0.0233,-0.0673,0.6563,0.9555,1.0018,51.51,-0.47,0.3551,1.7108,0.2128,1.5702,0.6429,0.0714,0.2857,1.0,1.7955,2.1663,0.3604,-0.5821,-0.3501,-1.0
SOL/USDT:USDT,EMA_RIB,15m,long,89.26,0.784796,74.6,A,hunter,2026-02-25T22:50:01.976656+00:00,loss,-0.8751,2026-02-25T22:52:21.267889+00:00,-0.1304,0.3936,-0.4093,0.1826,0.5943,0.2616,0.8812,1.1254,0.9997,55.42,-23.28,0.4088,2.3392,0.2013,0.7503,0.575,0.425,0.0,1.0,1.9755,4.6694,0.274,-0.7243,0.7464,-1.0
AVAX/USDT:USDT,EMA_RIB,15m,long,9.613,0.077878,75.4,A,hunter,2026-02-25T23:06:20.758644+00:00,,0.0,,-0.4675,-0.0457,-0.3169,-0.2918,0.0252,-0.0992,0.8225,0.9665,0.9849,51.24,-10.64,0.1198,1.8851,0.2399,0.7615,0.4085,0.0986,0.493,1.0,2.1947,3.1933,0.2769,-0.7023,-1.0193,-1.0
BNB/USDT:USDT,EMA_RIB,15m,long,633.8,3.359755,79.4,A,hunter,2026-02-25T23:11:48.343183+00:00,loss,-1.1512,2026-02-25T23:30:15.110012+00:00,0.0477,0.2279,0.1515,0.4836,0.3316,0.1584,0.5299,1.1434,1.0003,60.65,-10.22,0.7,1.2105,2.1784,1.1435,0.3462,0.2692,0.3846,1.0,1.4671,2.0192,0.4531,0.3324,0.0158,3.0
XRP/USDT:USDT,TR_PULL,15m,long,1.4257,0.012168,78.5,A,hunter,2026-02-25T23:51:03.514963+00:00,,0.0,,-1.6705,-0.6531,-1.135,-1.6955,-0.567,-0.5335,0.8681,1.1552,0.9815,37.95,-11.86,-0.0107,4.2756,0.3628,1.0535,0.7975,0.038,0.1646,1.0,2.9828,5.2374,0.1297,-3.5261,-2.3453,-1.0
SOL/USDT:USDT,BB_FADE,15m,long,87.95,0.850772,80.0,A+,hunter,2026-02-25T23:56:34.720143+00:00,win,0.8981,2026-02-26T00:19:24.024036+00:00,-1.1549,-0.2834,-0.685,-0.8179,-0.1339,-0.2624,0.9708,1.1659,0.9967,45.98,-7.65,0.0867,3.388,0.8944,0.8503,0.8462,0.0549,0.0989,1.0,2.5591,5.7666,0.1736,-2.8079,-0.8682,-1.0
ZEC/USDT:USDT,BB_FADE,15m,long,244.93,2.846048,79.1,A,hunter,2026-02-26T00:13:01.586024+00:00,loss,-0.2017,2026-02-26T00:37:40.517397+00:00,-2.3287,-1.1127,-1.3452,-2.4405,-1.1103,-0.9421,1.166,1.1003,0.996,33.67,-12.53,0.016,6.9052,1.0948,1.3484,0.3856,0.1503,0.4641,1.0,4.3255,7.8144,0.1405,-4.6348,-4.0861,-1.0
ETH/USDT:USDT,TR_PULL,15m,long,2066.5,18.590305,82.4,A+,hunter,2026-02-26T00:18:28.409726+00:00,loss,-0.678,2026-02-26T00:39:16.506102+00:00,-0.8988,-0.2334,-0.0002,0.0181,0.0183,-0.1164,0.904,1.1103,0.9943,52.54,-5.86,0.3983,3.4236,0.1646,0.8964,0.8338,0.1113,0.055,1.0,2.303,5.5874,0.3009,-1.9443,0.1239,-1.0
SOL/USDT:USDT,TR_PULL,15m,long,89.01,0.851355,78.0,A,hunter,2026-02-26T00:29:29.841620+00:00,loss,-1.0713,2026-02-26T00:41:22.680697+00:00,-0.7753,-0.2639,0.4153,0.401,-0.0143,-0.1339,0.961,1.1351,0.995,54.71,-0.71,0.4583,3.3279,0.8402,0.9443,0.6515,0.303,0.0455,1.0,2.4598,5.6947,0.3925,-1.4064,-0.0337,-1.0
AVAX/USDT:USDT,EMA_RIB,1h,long,9.576,0.166125,76.9,A,hunter,2026-02-26T00:35:04.682785+00:00,loss,-1.0348,2026-02-26T05:16:54.780559+00:00,0.4943,2.0498,0.0122,2.9811,2.9685,1.7641,1.7338,1.2373,1.0006,68.0,-13.92,0.6652,19.499,0.6484,0.7941,0.391,0.3654,0.2436,1.0,4.3964,14.9123,0.8179,0.4827,13.0979,3.0
HYPE/USDT:USDT,EMA_RIB,1h,long,28.392,0.506763,78.4,A,hunter,2026-02-26T00:45:54.988326+00:00,loss,-0.6272,2026-02-26T01:53:44.078057+00:00,0.1381,0.9511,0.1614,1.4972,1.3337,0.788,1.7816,1.2039,1.002,58.99,-13.22,0.6795,10.5967,0.9988,1.0717,0.7434,0.0678,0.1888,1.0,4.9671,8.2608,0.7087,1.48,5.5083,3.0
PIPPIN/USDT:USDT,BB_FADE,15m,long,0.73622,0.013138,72.3,A,hunter,2026-02-26T00:51:22.668218+00:00,loss,-0.2616,2026-02-26T01:28:24.912820+00:00,-1.1433,-0.504,-0.6977,-1.1339,-0.4392,-0.3816,1.7809,0.8352,1.0005,43.58,-3.48,0.1412,4.0722,0.7673,0.9629,0.1873,0.383,0.4298,1.0,2.8291,4.8933,0.1826,-1.6356,-3.0989,-1.0
UNI/USDT:USDT,TR_PULL,15m,long,4.022,0.057322,75.8,A,hunter,2026-02-26T00:56:55.148755+00:00,loss,-0.6641,2026-02-26T01:45:13.234431+00:00,-0.7078,-0.2622,-0.6014,-0.8353,-0.2354,-0.3406,1.4474,1.1045,0.9847,47.52,3.72,0.2385,5.4957,0.4176,0.8666,0.625,0.0833,0.2917,1.0,2.7101,7.8817,0.1388,-2.5442,-0.8871,-1.0
ESP/USDT:USDT,BB_FADE,15m,long,0.15141,0.003346,77.1,A,portfolio,2026-02-26T01:15:04.146139+00:00,loss,-0.5702,2026-02-26T01:34:53.764996+00:00,-2.4469,-0.9195,-1.4121,-2.1162,-0.7142,-0.5919,2.2036,1.149,1.0029,41.16,-16.94,0.1397,6.5589,1.1821,1.296,0.136,0.2693,0.5947,1.0,6.7235,11.6769,0.155,-3.7444,-1.6818,-1.0
NEAR/USDT:USDT,TR_PULL,15m,long,1.1732,0.016594,74.9,A,hunter,2026-02-26T01:50:38.932776+00:00,loss,-0.9626,2026-02-26T02:37:57.838360+00:00,-0.6132,-0.4968,-0.0493,-0.6228,-0.5738,-0.5451,1.4246,0.9163,0.9935,47.46,4.81,0.3031,9.0644,0.17,0.4256,0.7872,0.0851,0.1277,1.0,2.3456,9.0413,0.166,0.3338,-4.4577,1.0
ETH/USDT:USDT,PIN_BAR,15m,long,2059.08,16.881528,69.5,A,hunter,2026-02-26T01:56:08.113068+00:00,loss,-1.0714,2026-02-26T02:11:29.198034+00:00,-0.2347,-0.1417,-0.0288,-0.1744,-0.1456,-0.1685,0.8299,0.941,0.9874,49.76,1.26,0.3322,3.6983,0.317,0.2756,0.3736,0.0,0.6264,1.0,0.8723,5.6093,0.2312,0.9126,-0.5369,1.0
SOL/USDT:USDT,TR_PULL,15m,long,87.98,0.755353,77.1,A,hunter,2026-02-26T02:17:47.012729+00:00,win,0.833,2026-02-26T04:44:08.718238+00:00,-0.4157,-0.1946,-0.1829,-0.3947,-0.2122,-0.2044,0.8812,0.9438,0.9725,48.13,-6.67,0.3038,3.64,0.1333,0.3961,0.9649,0.0175,0.0175,1.0,1.7357,5.7516,0.2189,-0.5079,-2.5536,-1.0
XRP/USDT:USDT,EMA_RIB,1h,long,1.4305,0.02104,73.9,A,hunter,2026-02-26T02:50:39.480377+00:00,,0.0,,-1.0007,0.4507,-0.6001,0.4249,1.0312,0.5073,1.4738,1.206,0.9978,55.09,-25.62,0.529,9.9233,0.4729,0.8736,0.4398,0.2169,0.3434,1.0,4.8854,9.4702,0.5387,-2.3878,4.8052,-1.0
UNI/USDT:USDT,EMA_RIB,1h,long,4.035,0.089206,78.0,A,hunter,2026-02-26T02:50:45.505474+00:00,,0.0,,0.5653,2.4922,0.42,4.0876,3.6522,2.1483,2.2059,1.2706,1.0017,71.35,-14.58,0.6826,22.5674,0.333,1.0533,0.6857,0.2,0.1143,1.0,7.8524,20.9066,0.6943,-0.591,15.5079,-1.0
ETH/USDT:USDT,EMA_RIB,1h,long,2074.81,29.463927,80.1,A+,hunter,2026-02-26T04:48:02.453366+00:00,,0.0,,0.118,1.1585,0.6935,2.5829,1.8765,1.0605,1.4175,1.1243,1.0018,71.79,1.38,0.6984,11.4478,0.4061,0.4293,0.6719,0.2446,0.0834,1.0,2.1307,11.6801,0.6942,0.2193,8.3776,1.0
ZEC/USDT:USDT,EMA_RIB,15m,long,251.31,2.759018,77.7,A,hunter,2026-02-26T06:09:08.980241+00:00,loss,-1.0312,2026-02-26T06:15:08.661707+00:00,-0.586,-0.0305,-0.1594,-0.0611,0.0984,0.0604,1.0952,1.04,1.0026,49.95,-12.5,0.5195,3.9603,0.7868,1.3231,0.8162,0.0362,0.1476,1.0,3.009,4.3144,0.4576,-0.499,0.9036,-1.0
ETH/USDT:USDT,EMA_RIB,15m,long,2064.26,11.646756,82.8,A+,hunter,2026-02-26T06:52:23.199179+00:00,loss,-1.1359,2026-02-26T07:51:58.997065+00:00,0.047,0.0595,0.046,0.1094,0.0634,0.057,0.5602,0.836,1.0065,51.65,0.22,0.6618,1.7502,0.5745,0.7535,0.6457,0.0616,0.2927,1.0,0.8206,2.1403,0.6148,-0.4521,1.186,1.0
XAUT/USDT:USDT,BB_FADE,15m,long,5160.3,15.4809,83.3,A+,hunter,2026-02-26T07:56:33.221328+00:00,loss,-0.9754,2026-02-26T08:29:46.313742+00:00,-0.1078,-0.0339,-0.0102,-0.0238,-0.0136,-0.0195,0.1494,0.8948,2.0082,47.0,-4.94,0.2997,0.3416,4.0493,1.4021,0.2589,0.1875,0.5536,1.0,0.3023,0.4321,0.4081,-0.1818,0.0174,-1.0
HYPE/USDT:USDT,TR_PULL,15m,long,28.221,0.197418,76.3,A,hunter,2026-02-26T08:39:25.753794+00:00,win,0.6572,2026-02-26T09:09:00.918452+00:00,-0.2043,-0.0206,-0.0155,0.0354,0.0509,0.0356,0.7019,0.888,0.9961,50.29,-6.54,0.5395,1.4446,1.5429,1.0366,0.1508,0.1349,0.7143,1.0,1.3104,2.0719,0.4222,-0.1238,0.7098,-1.0
BCH/USDT:USDT,BB_FADE,15m,long,499.7,2.384535,74.0,A,hunter,2026-02-26T09:11:29.039113+00:00,win,0.4801,2026-02-26T09:14:55.549953+00:00,-0.3067,-0.1199,-0.0592,-0.1676,-0.1085,-0.084,0.4825,0.8171,0.9892,45.71,-3.21,0.2331,1.0238,0.5467,1.0591,0.8696,0.087,0.0435,1.0,1.1209,1.6813,0.2976,-0.3987,0.02,-1.0
SOL/USDT:USDT,EMA_RIB,1h,long,88.18,1.200796,80.8,A+,hunter,2026-02-26T09:16:51.442456+00:00,,0.0,,-0.5543,0.4276,0.3396,1.2931,0.9502,0.3714,1.3578,0.9788,1.0037,63.14,-7.87,0.5065,4.7324,0.3551,0.4205,0.5667,0.3667,0.0667,1.0,1.7478,9.4768,0.521,-0.5081,2.9322,-1.0
HYPE/USDT:USDT,DONCHIAN,15m,long,28.971,0.222586,82.3,A+,hunter,2026-02-26T09:37:22.465426+00:00,win,1.1977,2026-02-26T09:45:55.772949+00:00,1.1309,0.5306,1.4635,2.1243,0.6513,0.5059,0.7736,1.0184,0.993,68.95,19.11,1.1968,3.2425,0.6633,1.7817,0.7285,0.0795,0.1921,1.0,3.1679,3.4164,0.9879,1.8989,2.697,3.0
SUI/USDT:USDT,EMA_RIB,1h,long,0.965,0.01586,81.5,A+,hunter,2026-02-26T09:37:26.173473+00:00,,0.0,,-0.947,0.1559,0.5268,1.2343,0.7038,0.1931,1.6389,0.986,1.0025,59.0,-3.16,0.4428,8.2164,0.4751,0.492,0.8917,0.0127,0.0955,1.0,2.1651,11.872,0.4703,-0.1345,2.8556,-1.0
NEAR/USDT:USDT,EMA_RIB,1h,long,1.1404,0.021992,78.4,A,hunter,2026-02-26T09:37:30.493505+00:00,,0.0,,-1.7521,0.1984,-0.3084,0.7187,1.0302,0.2515,1.9268,0.9499,1.0011,57.27,-5.94,0.369,12.4091,0.3599,0.4821,0.8217,0.1318,0.0465,1.0,2.596,17.0058,0.378,-2.2797,4.4235,-1.0
AVAX/USDT:USDT,EMA_RIB,1h,long,9.369,0.128753,77.1,A,hunter,2026-02-26T09:37:33.861600+00:00,,0.0,,-1.1795,0.026,-0.2763,0.2109,0.4886,0.0123,1.3713,0.864,1.0018,55.46,-8.73,0.2152,6.0216,0.3211,0.5885,0.5909,0.3295,0.0795,1.0,2.0807,5.6125,0.1179,-1.5236,-1.0975,-1.0
BARD/USDT:USDT,EMA_RIB,1h,long,0.8822,0.026547,81.7,A+,hunter,2026-02-26T09:37:36.543694+00:00,loss,-0.9616,2026-02-26T10:06:50.720561+00:00,3.0319,2.7309,3.2799,6.7612,3.3708,2.2702,3.0056,1.5524,1.0018,78.52,5.03,0.9284,16.992,0.224,0.5846,0.6827,0.272,0.0453,1.0,6.7256,14.3927,0.9243,9.1889,15.1947,1.0
BCH/USDT:USDT,IB_BREAK,15m,long,501.0,2.576306,76.9,A,hunter,2026-02-26T11:10:16.175877+00:00,,0.0,,-0.2838,-0.1286,0.2954,0.2255,-0.0697,-0.0706,0.5191,0.9794,0.9909,51.68,-2.08,0.5861,1.3569,0.593,1.0121,0.9375,0.0313,0.0312,1.0,1.2378,1.4174,0.662,0.6632,-0.02,1.0
HYPE/USDT:USDT,TR_PULL,15m,long,28.581,0.254961,76.1,A,hunter,2026-02-26T11:31:51.074067+00:00,,0.0,,-0.515,0.2177,-0.6191,-0.182,0.4398,0.2298,0.8956,1.1061,0.9952,50.17,-18.44,0.4818,5.5269,0.0678,1.2562,0.5517,0.431,0.0172,1.0,2.9296,4.5831,0.4066,-0.911,1.5334,-1.0
XRP/USDT:USDT,TR_PULL,15m,long,1.4409,0.007383,82.7,A+,hunter,2026-02-26T11:37:18.674415+00:00,,0.0,,-0.24,-0.0327,-0.1264,-0.1144,0.012,-0.0129,0.5152,0.8992,0.9941,48.15,-10.14,0.4713,1.5238,0.2045,0.8533,0.9118,0.0588,0.0294,1.0,1.1586,1.8246,0.4449,-0.0347,-0.1593,-1.0
FARTCOIN/USDT:USDT,TR_PULL,15m,long,0.17001,0.002086,80.7,A+,hunter,2026-02-26T11:37:22.833602+00:00,,0.0,,-1.1904,-0.497,-0.1207,-0.4044,-0.2839,-0.2706,1.2271,1.0355,1.0003,46.84,-10.44,0.2612,3.0718,0.1687,1.6822,0.7222,0.1806,0.0972,1.0,4.412,5.1415,0.5389,-0.6545,-0.4742,-1.0
ETH/USDT:USDT,TR_PULL,15m,long,2057.3,8.854378,81.8,A+,hunter,2026-02-26T12:01:00.887509+00:00,win,0.5221,2026-02-26T12:28:10.326513+00:00,-0.2914,-0.0902,-0.126,-0.1726,-0.0467,-0.0517,0.429,0.8525,1.0027,46.53,-4.53,0.4068,1.5501,0.0343,0.5957,0.8038,0.0,0.1962,1.0,0.6851,1.9847,0.3655,-0.7604,-0.2148,-1.0
BTC/USDT:USDT,TR_PULL,15m,long,68178.2,229.425261,79.2,A,hunter,2026-02-26T12:12:00.479372+00:00,,0.0,,-0.1868,-0.0597,0.0373,0.0055,-0.0318,-0.0309,0.3341,0.903,1.0068,50.4,-0.9,0.5492,1.1611,0.8162,0.8219,0.8786,0.0023,0.1191,1.0,0.6169,1.4052,0.4778,-0.5028,0.0841,-1.0
HYPE/USDT:USDT,IB_BREAK,15m,long,28.57,0.236389,80.1,A+,hunter,2026-02-26T12:41:42.598354+00:00,,0.0,,-0.8699,-0.2467,-0.1131,-0.1502,-0.0372,-0.111,0.8284,0.9954,0.9995,49.64,0.36,0.4295,5.2455,0.4704,0.5474,0.6341,0.3659,0.0,1.0,1.2644,4.5918,0.3654,-2.226,1.1156,-1.0
BARD/USDT:USDT,EMA_RIB,1h,long,0.8903,0.029823,76.9,A,hunter,2026-02-26T23:47:00.130878+00:00,win,1.4535,2026-02-27T00:07:17.706049+00:00,2.2474,1.8549,1.9595,3.9813,1.9829,1.2139,3.3369,1.1449,1.0027,63.46,-3.02,0.9556,7.2916,0.3219,0.9108,0.7862,0.1711,0.0428,1.0,12.981,15.5167,0.4317,5.2054,4.7479,3.0
AAVE/USDT:USDT,IB_BREAK,15m,long,114.85,0.723523,77.3,A,hunter,2026-02-27T00:08:39.898525+00:00,loss,-1.1234,2026-02-27T00:37:42.765962+00:00,-0.0469,0.1009,0.2875,0.5081,0.22,0.1427,0.6305,0.7747,0.999,56.43,-0.93,0.7587,1.7144,0.3821,0.3083,0.6364,0.0909,0.2727,1.0,0.7226,2.7248,0.607,0.4021,1.5201,1.0
KITE/USDT:USDT,BB_FADE,15m,long,0.25468,0.003572,77.1,A,hunter,2026-02-27T00:14:09.041854+00:00,,0.0,,-1.3062,-0.9197,0.2024,-0.7869,-0.9873,-0.6733,1.4067,0.875,0.9943,42.49,-0.3,0.3356,4.9884,1.9285,1.1118,0.7633,0.0227,0.214,1.0,3.2736,6.8721,0.294,-0.1212,-3.9022,-1.0
MYX/USDT:USDT,EMA_RIB,15m,long,0.5437,0.02658,82.7,A+,hunter,2026-02-27T00:52:03.559766+00:00,loss,-0.9307,2026-02-27T01:07:37.176841+00:00,4.1241,3.3178,7.4964,12.1659,4.3439,2.8614,4.8875,1.0155,1.0001,66.92,10.92,1.0755,21.3611,0.895,1.2084,0.7734,0.0421,0.1846,1.0,12.7437,21.3682,0.9845,14.052,17.1478,3.0
XAUT/USDT:USDT,BB_FADE,15m,long,5156.2,15.4686,75.3,A,hunter,2026-02-27T00:57:26.281791+00:00,win,0.0163,2026-02-27T02:36:52.898933+00:00,-0.0458,-0.0151,-0.0758,-0.0951,-0.0193,-0.0217,0.1659,0.9512,1.8081,44.78,-5.72,0.1346,0.4288,2.5854,1.4046,0.4,0.1833,0.4167,1.0,0.4383,0.5236,0.2741,-0.0233,-0.3151,-1.0
POWER/USDT:USDT,TR_PULL,15m,long,1.93113,0.089642,78.1,A,hunter,2026-02-27T03:12:50.183516+00:00,,0.0,,-0.4059,0.6525,0.9681,2.3255,1.3445,0.9332,4.6454,0.8456,0.9923,53.11,-0.61,0.672,17.8005,1.537,0.7214,0.3826,0.0,0.6174,1.0,5.3479,21.7087,0.5809,0.1127,13.9163,1.0
PIPPIN/USDT:USDT,BB_BREAK,15m,short,0.73461,0.012871,88.7,A+,hunter,2026-02-27T07:29:23.229978+00:00,win,1.6181,2026-02-27T08:12:13.869315+00:00,-2.7592,-1.9193,-3.2788,-5.6625,-2.4645,-1.7128,1.7149,1.0344,1.0184,23.07,-5.64,-0.0769,11.6336,3.8342,1.9191,0.7446,0.1186,0.1369,-1.0,6.5386,12.069,0.0361,-6.5645,-8.9054,1.0
PIPPIN/USDT:USDT,BB_BREAK,15m,short,0.6955,0.014162,81.2,A+,hunter,2026-02-27T08:23:38.581850+00:00,win,1.2372,2026-02-27T08:30:48.124014+00:00,-4.9928,-3.233,-4.6695,-8.414,-3.928,-2.7702,2.0055,1.1516,1.0137,15.16,-12.79,-0.0567,18.415,2.3932,2.1029,0.5786,0.0468,0.3745,-1.0,9.44,18.8427,0.039,-9.3652,-14.181,1.0
BARD/USDT:USDT,BB_FADE,15m,short,0.8631,0.009293,78.0,A,hunter,2026-02-27T08:40:07.460826+00:00,loss,-1.0674,2026-02-27T10:01:42.421950+00:00,0.1289,0.0028,-0.0339,-0.0171,0.0168,0.0433,1.1032,0.8269,0.9745,47.95,3.85,0.5143,2.022,1.0979,0.8723,0.4815,0.3056,0.213,-1.0,2.0245,3.2045,0.3285,0.0231,0.4532,-1.0
XAUT/USDT:USDT,PIN_BAR,15m,short,5164.2,15.4926,76.7,A,hunter,2026-02-27T08:50:59.777317+00:00,loss,-8.3538,2026-02-27T11:56:44.054669+00:00,-0.0625,-0.038,-0.0075,-0.0394,-0.0319,-0.0258,0.1196,0.9438,2.5086,46.41,1.26,0.3261,0.4275,2.0548,1.0893,0.16,0.78,0.06,-1.0,0.1859,0.4221,0.2294,-0.1971,-0.0658,3.0
PIPPIN/USDT:USDT,BB_BREAK,1h,short,0.70105,0.034689,87.0,A+,hunter,2026-02-27T08:56:27.485464+00:00,win,0.2362,2026-02-27T09:13:10.455064+00:00,-6.5606,-3.2522,-7.79,-11.1808,-3.6772,-2.9956,4.9272,0.9412,1.003,25.67,-20.51,-0.1128,26.0205,3.8771,1.4608,0.454,0.0096,0.5364,-1.0,20.1177,34.5566,0.1497,-13.2146,-18.2378,1.0
ZEC/USDT:USDT,EMA_RIB,15m,short,237.08,1.486937,90.8,A+,hunter,2026-02-27T09:39:38.881204+00:00,win,1.7319,2026-02-27T10:16:07.557641+00:00,-0.1833,-0.1552,-0.6878,-0.9436,-0.2575,-0.1995,0.619,1.0568,1.0132,38.62,-7.63,0.0768,2.8101,3.1174,1.4627,0.6349,0.1151,0.25,-1.0,1.6197,3.1593,0.0841,-0.3363,-2.1503,3.0
ZEC/USDT:USDT,EMA_RIB,15m,short,226.14,1.945361,75.6,A,hunter,2026-02-27T13:23:01.732213+00:00,win,1.0711,2026-02-27T14:29:50.365449+00:00,-1.0514,-1.2377,-0.4891,-2.0891,-1.6079,-1.0666,0.8649,1.1533,0.9953,30.67,8.15,0.2306,9.5845,0.6948,0.5528,0.6531,0.3316,0.0153,-1.0,1.4426,7.1555,0.115,-3.017,-5.4635,3.0
AAVE/USDT:USDT,EMA_RIB,15m,short,114.44,0.993781,86.8,A+,hunter,2026-02-27T13:39:18.393974+00:00,loss,-1.0414,2026-02-27T13:48:00.080409+00:00,-1.144,-0.8661,-0.9891,-1.9963,-1.0172,-0.7667,0.8666,1.1043,1.0009,31.56,-2.16,0.1194,7.133,2.1301,1.208,0.5814,0.0,0.4186,-1.0,2.1644,6.5456,0.072,-2.9805,-5.3762,3.0
BNB/USDT:USDT,BB_BREAK,1h,short,612.6,4.949262,77.1,A,hunter,2026-02-27T13:50:10.312457+00:00,win,0.1691,2026-02-27T17:59:11.615392+00:00,-1.4539,-0.6487,-0.9626,-1.5473,-0.5904,-0.4632,0.8146,0.9838,0.9914,34.69,-21.45,0.0055,3.6131,1.6828,1.6246,0.194,0.2388,0.5672,-1.0,3.3611,3.9648,0.1564,-2.9454,-1.1292,3.0
VVV/USDT:USDT,DONCHIAN,15m,short,4.6262,0.114517,79.8,A,hunter,2026-02-27T14:39:03.908122+00:00,loss,-0.3978,2026-02-27T14:49:05.211338+00:00,-3.4367,-1.87,-3.3004,-5.3006,-2.0684,-1.7069,2.4911,1.0108,0.9944,32.23,-13.84,-0.0141,13.7114,0.7994,0.9572,0.7244,0.1001,0.1755,-1.0,6.7595,13.1297,0.0269,-5.241,-10.4033,3.0
ZEC/USDT:USDT,EMA_RIB,15m,short,222.61,1.915801,84.3,A+,hunter,2026-02-27T16:00:27.412849+00:00,loss,-0.3547,2026-02-27T16:33:35.164940+00:00,-0.4707,-0.8247,-0.4026,-1.5894,-1.1916,-0.6906,0.8836,0.9636,0.9743,29.74,2.72,0.2312,4.1414,1.0505,0.7705,0.5114,0.0,0.4886,-1.0,1.1818,5.6572,0.1072,-1.5309,-4.3742,1.0
PIPPIN/USDT:USDT,MTF_RSI,15m,short,0.6655,0.030322,78.4,A,hunter,2026-02-27T16:49:16.618444+00:00,win,1.6721,2026-02-27T18:38:30.820464+00:00,9.4509,1.3383,7.5362,7.5986,0.0581,1.0244,4.5628,1.2194,1.0016,58.46,35.57,0.8458,26.4957,0.3238,1.4356,0.5734,0.3825,0.0441,-1.0,22.1398,23.2973,0.8545,21.0299,4.9459,-1.0
ARB/USDT:USDT,EMA_RIB,15m,short,0.10011,0.00113,74.4,A,hunter,2026-02-27T16:49:19.664420+00:00,loss,-0.3975,2026-02-27T17:37:01.867468+00:00,-0.8678,-0.9569,-0.7557,-2.038,-1.2921,-0.85,1.1273,0.823,1.0009,30.65,-0.06,0.119,4.8435,0.2071,0.633,0.8113,0.0377,0.1509,-1.0,1.2081,5.0619,0.0158,-1.5723,-3.8125,3.0
ENA/USDT:USDT,EMA_RIB,15m,short,0.10225,0.000996,77.2,A,hunter,2026-02-27T16:54:49.465793+00:00,loss,-0.408,2026-02-27T17:38:21.870200+00:00,-0.3514,-0.331,-1.1997,-1.7396,-0.5465,-0.3448,0.9728,1.0053,1.0017,32.99,-8.36,-0.3265,1.7626,1.4584,0.8046,0.7346,0.1173,0.1481,-1.0,2.543,3.3842,0.2168,-1.8998,-1.1696,3.0
VVV/USDT:USDT,EMA_RIB,15m,short,4.5988,0.100342,77.9,A,hunter,2026-02-27T17:21:57.761954+00:00,,0.0,,-0.25,-1.0444,-0.918,-2.6213,-1.7191,-1.0424,2.2078,0.878,0.9887,38.19,-1.12,0.2708,11.4632,0.2841,0.6008,0.7679,0.1674,0.0647,-1.0,3.0869,10.7921,0.1177,-1.3562,-7.9184,3.0
MIRA/USDT:USDT,EMA_RIB,15m,short,0.09294,0.001391,77.8,A,hunter,2026-02-27T18:05:10.211660+00:00,loss,-0.4,2026-02-27T19:02:13.705901+00:00,-0.8222,-1.2205,-0.6186,-2.2971,-1.6889,-0.9478,1.4766,0.7459,1.013,31.57,2.06,0.159,5.0049,0.1249,0.7907,0.7024,0.0476,0.25,-1.0,1.3011,5.3656,0.0581,-1.6705,-3.125,3.0
ARB/USDT:USDT,EMA_RIB,15m,short,0.10124,0.001071,75.1,A,hunter,2026-02-27T18:10:36.032993+00:00,win,1.5402,2026-02-27T20:02:18.400485+00:00,-0.0631,-0.5852,0.3612,-0.439,-0.7973,-0.4161,1.0694,0.8513,0.9894,44.78,12.36,0.5063,3.1196,0.317,0.5714,0.8571,0.0714,0.0714,-1.0,2.4597,3.6946,0.5,0.2674,-0.9976,1.0
ZEC/USDT:USDT,EMA_RIB,15m,short,219.67,1.887022,88.2,A+,hunter,2026-02-27T18:10:39.189835+00:00,win,1.4013,2026-02-27T19:17:26.745351+00:00,-0.6374,-0.7077,-0.7859,-1.737,-0.9585,-0.5424,0.8577,0.9573,1.001,28.18,-2.97,0.0335,3.1815,1.9005,0.8891,0.5248,0.2219,0.2533,-1.0,1.8838,4.1452,0.1065,-1.6469,-2.6317,1.0
AAVE/USDT:USDT,EMA_RIB,15m,short,112.99,0.914168,76.0,A,hunter,2026-02-27T18:53:43.351178+00:00,,0.0,,0.1872,-0.3223,-0.2966,-0.9308,-0.6361,-0.3334,0.8097,0.9194,0.9989,37.01,5.67,0.2863,3.7019,0.2453,0.4952,0.7841,0.0455,0.1705,-1.0,1.106,3.7692,0.2347,-0.1325,-2.5858,1.0
VVV/USDT:USDT,EMA_RIB,15m,short,4.4579,0.090664,77.0,A,hunter,2026-02-27T19:10:00.498219+00:00,loss,-1.095,2026-02-27T20:09:16.213692+00:00,-1.7703,-1.6231,-1.525,-3.5835,-2.0904,-1.2831,2.0756,0.8524,0.9804,32.22,-5.38,-0.0124,5.8627,0.3482,0.6589,0.5987,0.1764,0.2249,-1.0,3.3577,7.4831,0.0417,-4.3043,-5.0102,3.0
XAUT/USDT:USDT,EMA_RIB,15m,long,5248.5,15.7455,84.6,A+,hunter,2026-02-27T20:25:39.124210+00:00,win,0.7351,2026-02-27T22:51:10.189292+00:00,0.222,0.1753,0.2338,0.4543,0.2199,0.1385,0.1964,0.8287,1.5274,73.13,6.59,1.0471,0.7684,1.9766,0.7647,0.6231,0.3385,0.0385,1.0,0.4039,0.8498,0.9013,0.5768,0.6366,1.0
POWER/USDT:USDT,EMA_RIB,15m,short,1.40813,0.051536,81.6,A+,hunter,2026-02-27T21:14:35.018093+00:00,loss,-1.1213,2026-02-27T21:51:35.755095+00:00,-0.0642,-0.6387,-0.2075,-1.2331,-1.0277,-0.6164,3.6828,0.7623,0.9949,45.99,0.72,0.4045,11.3959,0.5506,0.5726,0.5116,0.4635,0.0249,-1.0,4.268,19.6289,0.2188,0.5332,-7.2205,1.0
ENA/USDT:USDT,EMA_RIB,15m,short,0.10116,0.000702,80.5,A+,hunter,2026-02-27T22:25:06.456217+00:00,win,1.3166,2026-02-27T22:35:38.832277+00:00,-0.3941,-0.3469,-0.485,-0.9487,-0.4659,-0.2786,0.7037,0.834,0.9863,34.98,-9.48,0.0799,2.113,1.2542,0.7707,0.3274,0.2212,0.4513,-1.0,1.8189,2.7086,0.1861,-0.8527,-1.4515,3.0
PUMPFUN/USDT:USDT,EMA_RIB,15m,short,0.001776,1.4e-05,76.7,A,hunter,2026-02-27T22:30:35.718055+00:00,win,0.1995,2026-02-27T22:36:44.603389+00:00,-0.2733,-0.292,-0.3435,-0.7522,-0.4102,-0.2107,0.7607,0.8161,0.9996,38.13,-5.71,0.2159,2.283,0.0327,0.6334,0.8966,0.0,0.1034,-1.0,1.3063,2.545,0.0929,-0.454,-1.5739,3.0
BNB/USDT:USDT,EMA_RIB,15m,short,607.1,2.151202,78.9,A,hunter,2026-02-27T22:35:59.744422+00:00,loss,-1.187,2026-02-27T22:41:39.394730+00:00,-0.1645,-0.0753,-0.3673,-0.4681,-0.1012,-0.0627,0.3558,0.9058,0.9951,37.6,-14.21,-0.0434,0.8223,2.7073,0.9914,0.3864,0.0227,0.5909,-1.0,1.1685,1.2508,0.3421,-0.4913,-0.7027,3.0
VVV/USDT:USDT,BB_BREAK,15m,long,4.671,0.073366,78.1,A,hunter,2026-02-28T00:09:42.084857+00:00,win,0.1877,2026-02-28T00:22:10.755342+00:00,1.8889,0.5747,2.3939,2.8715,0.4664,0.5299,1.5853,0.9386,0.991,62.86,18.03,1.1908,5.0677,2.5449,1.2322,0.5544,0.3061,0.1396,1.0,4.82,7.2547,0.8828,5.3985,4.4578,3.0
ATH/USDT:USDT,BB_BREAK,15m,long,0.006476,0.000142,86.6,A+,hunter,2026-02-28T00:26:07.661372+00:00,win,0.8105,2026-02-28T00:33:01.285952+00:00,4.8326,2.1082,7.3663,9.9587,2.4145,1.9938,2.2718,1.1779,0.9628,79.69,23.83,1.3244,12.568,3.726,2.6569,0.6116,0.1295,0.259,1.0,12.0192,14.3056,0.9492,13.861,12.3005,1.0
VVV/USDT:USDT,EMA_RIB,1h,long,4.7327,0.167648,80.2,A+,hunter,2026-02-28T00:42:25.733986+00:00,,0.0,,-0.4857,-0.3566,3.2153,3.3001,0.0821,-0.2421,3.5127,1.01,1.0053,58.48,13.0,0.483,20.9255,0.8748,0.4936,0.7994,0.1038,0.0968,1.0,8.3411,19.3529,0.4099,2.8465,-2.6812,1.0
ATH/USDT:USDT,EMA_RIB,1h,long,0.006465,0.000254,77.0,A,hunter,2026-02-28T00:58:54.023056+00:00,loss,-1.0172,2026-02-28T01:16:49.983917+00:00,2.0905,2.2476,8.9384,13.0708,3.7933,2.5051,3.9402,1.616,0.9998,74.88,12.23,1.0145,23.1274,3.5844,1.0167,0.5963,0.303,0.1007,1.0,18.141,25.701,0.8131,6.098,25.8285,1.0
ROBO/USDT:USDT,BB_BREAK,15m,long,0.04505,0.001492,82.1,A+,hunter,2026-02-28T01:20:51.173420+00:00,,0.0,,5.5153,3.0444,7.6383,11.6461,3.7233,2.7103,3.274,1.0686,1.0126,74.32,21.13,1.2545,14.8092,2.3594,1.3759,0.7024,0.1706,0.127,1.0,14.4158,17.1479,0.9443,15.9711,17.9769,1.0
XAUT/USDT:USDT,EMA_RIB,15m,long,5271.4,15.8142,79.9,A,hunter,2026-02-28T01:26:15.589013+00:00,,0.0,,0.0716,0.0789,0.1878,0.3158,0.1278,0.0734,0.1377,0.7737,2.1773,71.14,11.15,0.9204,0.5806,1.6107,0.8222,0.9839,0.0,0.0161,1.0,0.3546,0.5898,1.0,0.1424,0.486,1.0
PIPPIN/USDT:USDT,IB_BREAK,15m,long,0.6597,0.01624,88.7,A+,hunter,2026-02-28T01:28:23.018222+00:00,loss,-0.3331,2026-02-28T01:36:15.003614+00:00,0.9718,1.1999,2.6014,4.2638,1.6203,1.0235,2.4921,0.9077,0.9853,60.36,-2.04,0.9744,9.407,1.3116,1.5285,0.9809,0.0187,0.0004,1.0,5.9059,9.1008,0.9129,4.3154,8.2155,3.0
VVV/USDT:USDT,ENGULF,15m,long,4.7713,0.086855,93.0,A+,hunter,2026-02-28T01:44:43.184228+00:00,win,1.209,2026-02-28T02:12:16.828447+00:00,1.6733,1.2235,2.2074,3.6115,1.3738,1.0523,1.8153,1.1375,1.0013,62.67,3.8,0.975,9.0981,1.4536,1.4131,0.7726,0.0496,0.1778,1.0,4.0495,8.8544,0.9629,5.0359,5.9677,3.0
ZEC/USDT:USDT,BB_BREAK,15m,long,222.32,1.535188,84.8,A+,hunter,2026-02-28T02:22:32.252484+00:00,,0.0,,0.2658,0.0961,1.2074,1.4114,0.2016,0.1914,0.6889,1.0243,1.0034,65.34,19.87,1.2596,2.0829,1.8939,1.0328,0.6533,0.3467,0.0,1.0,2.7374,4.2546,0.8444,1.0004,2.2229,3.0
VVV/USDT:USDT,BB_BREAK,15m,long,5.0453,0.098276,86.4,A+,hunter,2026-02-28T02:37:00.922597+00:00,loss,-1.0985,2026-02-28T02:47:57.750277+00:00,4.251,2.5245,3.9932,6.9351,2.8289,2.0775,1.9449,1.2494,1.0033,73.88,18.74,1.056,13.6941,1.696,1.4582,0.584,0.349,0.0671,1.0,9.2821,14.1762,0.9322,7.7947,13.6699,1.0
TAO/USDT:USDT,DONCHIAN,15m,long,181.3,1.171806,85.5,A+,hunter,2026-02-28T02:37:04.432101+00:00,loss,-1.181,2026-02-28T02:52:38.939159+00:00,1.0071,0.6752,1.2793,2.0991,0.8094,0.6121,0.6495,1.0362,0.9951,77.37,14.64,1.0418,4.5973,0.9641,0.8066,0.9238,0.0762,0.0,1.0,2.234,5.5326,0.984,2.4758,4.1119,1.0
BNB/USDT:USDT,DONCHIAN,15m,long,615.2,1.8456,78.0,A,hunter,2026-02-28T03:27:27.121452+00:00,loss,-1.2839,2026-02-28T03:35:18.877910+00:00,0.2069,0.1275,0.1763,0.3248,0.1482,0.1029,0.2402,0.7833,1.2494,62.03,8.88,0.9508,0.7033,1.7167,0.6277,0.5714,0.2857,0.1429,1.0,0.4064,1.6745,0.9806,0.2281,0.6381,3.0
VVV/USDT:USDT,DONCHIAN,15m,long,5.1132,0.103065,84.2,A+,hunter,2026-02-28T03:38:16.607116+00:00,loss,-0.4077,2026-02-28T03:58:09.777409+00:00,3.7875,2.8575,2.6325,6.013,3.2938,2.2982,2.0068,1.2343,1.007,73.16,2.06,0.9402,14.802,1.7554,1.3266,0.1601,0.6892,0.1507,1.0,5.4175,13.8527,0.8757,9.7362,13.4465,1.0
PIPPIN/USDT:USDT,DONCHIAN,15m,long,0.69467,0.016982,78.5,A,hunter,2026-02-28T03:54:36.669955+00:00,,0.0,,3.0046,2.2111,2.647,5.3488,2.6321,1.7851,2.4738,1.0122,0.9865,68.07,8.56,0.9883,10.9688,0.7745,0.8304,0.7222,0.1302,0.1476,1.0,5.4263,10.1772,0.9757,2.9348,9.7569,3.0
PIPPIN/USDT:USDT,MTF_RSI,15m,short,0.66046,0.018334,74.0,A,hunter,2026-02-28T04:59:58.455511+00:00,loss,-1.1055,2026-02-28T05:05:34.691928+00:00,1.2151,1.652,-2.7101,-0.9117,1.8484,1.1343,2.7708,1.0953,0.9987,48.49,-13.34,0.4244,11.434,1.955,1.0572,0.7464,0.0127,0.241,-1.0,7.8383,11.6796,0.4519,0.1027,1.0062,-1.0
ARB/USDT:USDT,EMA_RIB,15m,short,0.09913,0.000557,75.5,A,hunter,2026-02-28T05:21:54.400561+00:00,,0.0,,0.0164,-0.1056,-0.1164,-0.2974,-0.1811,-0.112,0.5584,0.8329,1.0069,45.5,2.75,0.3137,1.9719,0.2649,0.9205,0.7,0.3,0.0,-1.0,0.9082,2.3713,0.2809,-0.402,-1.2456,1.0
PUMPFUN/USDT:USDT,EMA_RIB,1h,short,0.001812,3.5e-05,75.1,A,hunter,2026-02-28T05:38:22.854870+00:00,,0.0,,0.9654,0.2066,-0.2857,-0.33,-0.0445,0.0221,1.934,0.8811,1.0032,47.78,-1.44,0.484,6.378,0.5972,0.8465,0.8261,0.0181,0.1558,-1.0,3.0106,10.3992,0.3542,1.6535,-4.2197,-1.0
BNB/USDT:USDT,EMA_RIB,15m,short,610.8,1.8324,77.8,A,hunter,2026-02-28T05:43:51.864601+00:00,,0.0,,-0.218,-0.0788,-0.2517,-0.3099,-0.0583,-0.0598,0.2398,0.915,1.251,41.44,-7.96,-0.0562,0.6932,3.429,1.6767,0.5909,0.0,0.4091,-1.0,0.4912,0.8841,0.1667,-0.5698,-0.5212,3.0
ENA/USDT:USDT,EMA_RIB,1h,short,0.10165,0.001565,81.2,A+,hunter,2026-02-28T05:49:26.661928+00:00,,0.0,,0.0718,-0.3146,-1.2284,-1.9149,-0.695,-0.3608,1.5588,0.8609,0.9881,39.36,-8.53,0.1588,4.4146,0.572,0.3901,0.9157,0.0783,0.006,-1.0,2.6373,8.4629,0.2477,-0.4896,-4.1411,1.0
