config_name,trail_enabled,tp_r,trail_act_r,trail_dist_r,trail_max_r,filtered,total_trades,total_wins,total_losses,win_rate,total_r,avg_r,avg_win_r,avg_loss_r,profit_factor,max_dd_r,sharpe_r,kelly_f,payoff_ratio,profitable_pairs,tested_pairs,pair_hit_rate,equity_12,dd_12,equity_08,dd_08,equity_06,dd_06,equity_04,dd_04,equity_02,dd_02,trades_to_x10,exit_sl,exit_tp,exit_trail,exit_session_end,exit_max_r,exit_data_end
ultra_a0.75_d0.05_filt,True,1.5,0.75,0.05,10.0,True,2509,943,1566,0.3758,602.23,0.24,1.8486,-0.7286,1.528,14.24,0.1625,0.1298,2.537,95,121,0.785,4.751019708304252e+18,0.9939,1.5390984091134938e+16,0.962,75962722745147.44,0.9096,65254505968.31,0.792,8639095.57,0.5364,81.1,1566,0,941,0,2,0
ultra_a0.85_d0.05_filt,True,1.5,0.85,0.05,10.0,True,2509,952,1557,0.3794,620.77,0.2474,1.9052,-0.7662,1.52,16.24,0.1639,0.1299,2.487,92,121,0.76,8.772773469343432e+18,0.9951,3.2285585644255492e+16,0.9671,150918827908367.44,0.9189,112908311699.34,0.8063,11913418.22,0.5527,78.7,1557,0,950,0,2,0
ultra_a0.95_d0.05_filt,True,1.5,0.95,0.05,10.0,True,2509,952,1557,0.3794,658.3,0.2624,2.0066,-0.8041,1.526,17.27,0.1668,0.1308,2.495,88,121,0.727,4.859251312144826e+19,0.9976,1.7137691731122707e+17,0.979,656586258013354.4,0.9417,352187154014.91,0.8442,22932799.0,0.5982,74.3,1557,0,949,0,3,0
ultra_a1.0_d0.05_filt,True,1.5,1.0,0.05,10.0,True,2509,942,1567,0.3754,653.16,0.2603,2.0426,-0.8111,1.514,17.27,0.164,0.1274,2.518,86,121,0.711,1.3718789510772306e+19,0.9983,8.36481363189248e+16,0.9806,403633429197888.56,0.9451,264112944656.12,0.8504,20253977.21,0.6063,74.9,1567,0,939,0,3,0
ultra_a1.1_d0.05_filt,True,1.5,1.1,0.05,10.0,True,2509,939,1570,0.3743,678.49,0.2704,2.1326,-0.8433,1.512,18.71,0.1654,0.1268,2.529,93,121,0.769,2.97449993628758e+19,0.9991,2.1745623991640826e+17,0.9814,988710723708278.9,0.9447,545334433128.39,0.8479,31178948.5,0.6021,72.1,1570,0,936,0,3,0
ultra_a1.25_d0.05_filt,True,1.5,1.25,0.05,10.0,True,2509,930,1579,0.3707,698.26,0.2783,2.2433,-0.879,1.503,15.93,0.1651,0.1241,2.552,94,121,0.777,2.3687932166734602e+19,0.9993,3.116723308781826e+17,0.9844,1594084258655675.0,0.9524,868528263603.79,0.8621,42558731.17,0.6207,70.1,1579,0,927,0,3,0
ultra_a0.75_d0.08_filt,True,1.5,0.75,0.08,10.0,True,2509,943,1566,0.3758,574.0,0.2288,1.8187,-0.7286,1.503,14.6,0.1562,0.1258,2.496,93,121,0.769,2.867722018743618e+17,0.9944,2121644133148830.2,0.9628,16415776572848.66,0.9111,22737150583.68,0.7943,5009119.15,0.5391,85.0,1566,0,941,0,2,0
ultra_a0.85_d0.08_filt,True,1.5,0.85,0.08,10.0,True,2509,952,1557,0.3794,592.27,0.2361,1.8753,-0.7662,1.496,16.6,0.1576,0.1259,2.447,91,121,0.752,5.243250116854393e+17,0.9955,4403558089526209.5,0.9677,32298762039696.03,0.92,39037167011.05,0.8083,6875930.41,0.555,82.4,1557,0,950,0,2,0
ultra_a0.95_d0.08_filt,True,1.5,0.95,0.08,10.0,True,2509,952,1557,0.3794,629.83,0.251,1.9767,-0.8041,1.503,17.6,0.1609,0.127,2.458,87,121,0.719,2.989030840357125e+18,0.9979,2.3727676385383204e+16,0.9794,141837412360717.38,0.9426,122349746759.33,0.8458,13256547.92,0.6003,77.6,1557,0,949,0,3,0
ultra_a1.0_d0.08_filt,True,1.5,1.0,0.08,10.0,True,2509,942,1567,0.3754,624.99,0.2491,2.0127,-0.8111,1.492,17.6,0.1582,0.1238,2.481,85,121,0.702,8.773532848639387e+17,0.9986,1.1882106712631608e+16,0.9809,88869857292157.39,0.9458,92908888430.42,0.8517,11780226.03,0.6081,78.2,1567,0,939,0,3,0
ultra_a1.1_d0.08_filt,True,1.5,1.1,0.08,10.0,True,2509,939,1570,0.3743,650.41,0.2592,2.1027,-0.8433,1.491,19.1,0.1598,0.1233,2.493,93,121,0.769,1.965945599083965e+18,0.9993,3.1461710020152884e+16,0.9839,220343070337385.56,0.946,193146641444.01,0.8499,18182873.22,0.6044,75.2,1570,0,936,0,3,0
ultra_a1.25_d0.08_filt,True,1.5,1.25,0.08,10.0,True,2509,930,1579,0.3707,670.45,0.2672,2.2134,-0.879,1.483,16.32,0.1597,0.1207,2.518,92,121,0.76,1.6545069084403464e+18,0.9995,4.661916534399432e+16,0.9857,363625044822623.06,0.9534,312016259860.55,0.8641,24976760.31,0.6231,73.0,1579,0,927,0,3,0
ultra_a0.75_d0.1_filt,True,1.5,0.75,0.1,10.0,True,2509,943,1566,0.3758,555.18,0.2213,1.7987,-0.7286,1.487,14.84,0.1519,0.123,2.469,91,121,0.752,4.392000748553234e+16,0.9952,564846621991375.5,0.9634,5903340960567.01,0.9121,11251249443.17,0.7959,3482414.95,0.5409,87.9,1566,0,941,0,2,0
ultra_a0.85_d0.1_filt,True,1.5,0.85,0.1,10.0,True,2509,952,1557,0.3794,573.27,0.2285,1.8553,-0.7662,1.481,16.84,0.1534,0.1232,2.421,88,121,0.727,7.977632532128106e+16,0.9961,1164090282050493.0,0.9681,11540063170281.96,0.9208,19217318015.28,0.8096,4765605.33,0.5565,85.1,1557,0,950,0,2,0
ultra_a0.95_d0.1_filt,True,1.5,0.95,0.1,10.0,True,2509,952,1557,0.3794,610.85,0.2435,1.9568,-0.8041,1.488,17.82,0.1568,0.1244,2.433,85,121,0.702,4.636337651732362e+17,0.9982,6335645915142496.0,0.9797,50994599674950.79,0.9432,60423326506.99,0.8468,9197495.82,0.6017,80.0,1557,0,949,0,3,0
ultra_a1.0_d0.1_filt,True,1.5,1.0,0.1,10.0,True,2509,942,1567,0.3754,606.21,0.2416,1.9928,-0.8111,1.477,17.82,0.1542,0.1212,2.457,84,121,0.694,1.3967507602678344e+17,0.9988,3227508315892866.0,0.9811,32360011540850.98,0.9463,46268764744.79,0.8526,8206795.96,0.6093,80.6,1567,0,939,0,3,0
ultra_a1.1_d0.1_filt,True,1.5,1.1,0.1,10.0,True,2509,939,1570,0.3743,631.69,0.2518,2.0827,-0.8433,1.477,19.36,0.156,0.1209,2.47,90,121,0.744,3.199553791105714e+17,0.9994,8651415617489813.0,0.9855,80885317855832.95,0.9471,96625482670.35,0.8512,12689802.14,0.606,77.4,1570,0,936,0,3,0
ultra_a1.25_d0.1_filt,True,1.5,1.25,0.1,10.0,True,2509,930,1579,0.3707,651.91,0.2598,2.1934,-0.879,1.47,16.98,0.1561,0.1185,2.495,91,121,0.752,2.7940594194735357e+17,0.9996,1.3107825403208396e+16,0.9871,135574548162225.95,0.9541,157579375648.34,0.8654,17504931.29,0.6247,75.0,1579,0,927,0,3,0
ultra_a0.75_d0.12_filt,True,1.5,0.75,0.12,10.0,True,2509,943,1566,0.3758,536.36,0.2138,1.7787,-0.7286,1.47,15.08,0.1475,0.1202,2.441,91,121,0.752,6701111887517988.0,0.9959,150098250112001.5,0.9639,2120555933697.14,0.9131,5564633383.21,0.7974,2420686.97,0.5427,90.9,1566,0,941,0,2,0
ultra_a0.85_d0.12_filt,True,1.5,0.85,0.12,10.0,True,2509,952,1557,0.3794,554.27,0.2209,1.8354,-0.7662,1.465,17.08,0.1492,0.1204,2.395,87,121,0.719,1.2092366625109498e+16,0.9967,307153808550752.7,0.9686,4118551191608.18,0.9216,9455340628.78,0.8109,3302502.73,0.5581,88.0,1557,0,950,0,2,0
ultra_a0.95_d0.12_filt,True,1.5,0.95,0.12,10.0,True,2509,952,1557,0.3794,591.87,0.2359,1.9368,-0.8041,1.473,18.04,0.1528,0.1218,2.409,85,121,0.702,7.1649879351670136e+16,0.9985,1688590377012998.5,0.9799,18313735261847.37,0.9437,29824827117.96,0.8479,6380394.75,0.6031,82.5,1557,0,949,0,3,0
ultra_a1.0_d0.12_filt,True,1.5,1.0,0.12,10.0,True,2509,942,1567,0.3754,587.43,0.2341,1.9729,-0.8111,1.462,18.04,0.1502,0.1187,2.432,83,121,0.686,2.2155774194906108e+16,0.999,875087258067904.2,0.9813,11770342077617.16,0.9468,23029965835.66,0.8535,5716539.03,0.6105,83.1,1567,0,939,0,3,0
ultra_a1.1_d0.12_filt,True,1.5,1.1,0.12,10.0,True,2509,939,1570,0.3743,612.97,0.2443,2.0628,-0.8433,1.463,19.62,0.1522,0.1184,2.446,89,121,0.736,5.188764130380142e+16,0.9995,2374731360791937.0,0.9869,29660079852534.25,0.9496,48314018055.29,0.8526,8854970.48,0.6075,79.7,1570,0,936,0,3,0
ultra_a1.25_d0.12_filt,True,1.5,1.25,0.12,10.0,True,2509,930,1579,0.3707,633.37,0.2524,2.1735,-0.879,1.456,17.64,0.1524,0.1161,2.473,91,121,0.752,4.702269031138125e+16,0.9996,3679074880648287.0,0.9883,50494595559774.95,0.9547,79543089424.75,0.8667,12266635.86,0.6263,77.2,1579,0,927,0,3,0
ultra_a0.75_d0.15_filt,True,1.5,0.75,0.15,10.0,True,2509,943,1566,0.3758,508.13,0.2025,1.7488,-0.7286,1.445,15.47,0.1409,0.1158,2.4,89,121,0.736,396535707691042.1,0.9968,20488681874327.57,0.9647,455582085076.97,0.9145,1933571788.91,0.7997,1402527.06,0.5453,95.9,1566,0,941,0,2,0
ultra_a0.85_d0.15_filt,True,1.5,0.85,0.15,10.0,True,2509,952,1557,0.3794,525.77,0.2096,1.8054,-0.7662,1.441,17.47,0.1427,0.1161,2.356,87,121,0.719,708573556121075.2,0.9974,41483849576009.19,0.9692,876264606091.52,0.9228,3260030196.9,0.8128,1904651.23,0.5604,92.7,1557,0,950,0,2,0
ultra_a0.95_d0.15_filt,True,1.5,0.95,0.15,10.0,True,2509,952,1557,0.3794,563.4,0.2246,1.9069,-0.8041,1.45,18.37,0.1466,0.1178,2.371,84,121,0.694,4322689672561762.5,0.9988,231534240814716.28,0.9803,3933259151518.03,0.9445,10332589418.89,0.8494,3685527.16,0.6051,86.6,1557,0,949,0,3,0
ultra_a1.0_d0.15_filt,True,1.5,1.0,0.15,10.0,True,2509,942,1567,0.3754,559.26,0.2229,1.9429,-0.8111,1.44,18.37,0.1442,0.1147,2.395,82,121,0.678,1390174960858254.8,0.9992,123123619795277.38,0.983,2576731391370.6,0.9475,8079384811.27,0.8548,3322454.08,0.6124,87.2,1567,0,939,0,3,0
ultra_a1.1_d0.15_filt,True,1.5,1.1,0.15,10.0,True,2509,939,1570,0.3743,584.89,0.2331,2.0329,-0.8433,1.442,20.01,0.1464,0.1147,2.411,88,121,0.727,3366033833651698.5,0.9996,340363375939725.2,0.9888,6572750359899.39,0.9553,17065792605.81,0.8547,5160274.22,0.6099,83.5,1570,0,936,0,3,0
ultra_a1.25_d0.15_filt,True,1.5,1.25,0.15,10.0,True,2509,930,1579,0.3707,605.68,0.2414,2.1437,-0.879,1.436,18.63,0.1469,0.1126,2.439,91,121,0.752,3265384815474102.0,0.9997,550005790683957.1,0.99,11531006074694.18,0.9581,28629925096.39,0.8686,7210695.96,0.6289,80.6,1579,0,927,0,3,0
ultra_a0.75_d0.18_filt,True,1.5,0.75,0.18,10.0,True,2509,943,1566,0.3758,479.9,0.1913,1.7189,-0.7286,1.421,15.86,0.1342,0.1113,2.359,87,121,0.719,23264195991706.53,0.9974,2784904675694.38,0.967,97630896285.11,0.9159,671068815.19,0.8019,812355.74,0.548,101.5,1566,0,941,0,2,0
ultra_a0.85_d0.18_filt,True,1.5,0.85,0.18,10.0,True,2509,952,1557,0.3794,497.27,0.1982,1.7755,-0.7662,1.417,17.86,0.1361,0.1116,2.317,86,121,0.711,41166112811277.41,0.9979,5579026034056.72,0.9704,185962993942.01,0.9239,1122655320.57,0.8147,1098118.29,0.5627,98.0,1557,0,950,0,2,0
ultra_a0.95_d0.18_filt,True,1.5,0.95,0.18,10.0,True,2509,952,1557,0.3794,536.06,0.2137,1.8782,-0.8041,1.428,18.7,0.1406,0.1138,2.336,83,121,0.686,290334011958421.1,0.999,34284651659088.95,0.9813,896899220416.01,0.9454,3731491004.91,0.8509,2175460.46,0.6072,91.0,1557,0,949,0,3,0
ultra_a1.0_d0.18_filt,True,1.5,1.0,0.18,10.0,True,2509,942,1567,0.3754,532.48,0.2122,1.9145,-0.8111,1.419,18.7,0.1383,0.1109,2.36,83,121,0.686,99857675408468.61,0.9993,19071215619240.24,0.9855,607766714917.88,0.9482,2984198570.55,0.8561,1983280.69,0.6141,91.6,1567,0,939,0,3,0
ultra_a1.1_d0.18_filt,True,1.5,1.1,0.18,10.0,True,2509,939,1570,0.3743,556.81,0.2219,2.003,-0.8433,1.421,20.4,0.1404,0.1108,2.375,86,121,0.711,216603732157059.84,0.9997,48585811457474.06,0.9904,1452994570519.44,0.9603,6021103247.09,0.8615,3006235.64,0.6126,87.6,1570,0,936,0,3,0
ultra_a1.25_d0.18_filt,True,1.5,1.25,0.18,10.0,True,2509,930,1579,0.3707,577.87,0.2303,2.1138,-0.879,1.416,19.62,0.1412,0.109,2.405,90,121,0.744,222251654317965.56,0.9998,81197639070586.34,0.9915,2609616036076.02,0.9628,10246389845.08,0.8705,4227471.07,0.6316,84.5,1579,0,927,0,3,0
ultra_a0.75_d0.2_filt,True,1.5,0.75,0.2,10.0,True,2509,943,1566,0.3758,461.99,0.1841,1.6999,-0.7286,1.405,16.12,0.1299,0.1083,2.333,85,121,0.702,3847212752734.44,0.9978,785030351599.54,0.9705,36739888280.85,0.9168,342906278.81,0.8034,574482.24,0.5498,105.4,1566,0,941,0,2,0
ultra_a0.85_d0.2_filt,True,1.5,0.85,0.2,10.0,True,2509,952,1557,0.3794,479.18,0.191,1.7565,-0.7662,1.402,18.42,0.1318,0.1087,2.292,84,121,0.694,6763481921164.27,0.9982,1561548823144.3,0.9735,69527350516.91,0.9247,570687977.64,0.8159,774184.89,0.5642,101.6,1557,0,950,0,2,0
ultra_a0.95_d0.2_filt,True,1.5,0.95,0.2,10.0,True,2509,952,1557,0.3794,517.08,0.2061,1.8583,-0.8041,1.413,19.37,0.1363,0.1109,2.311,81,121,0.669,44214025950590.2,0.9991,9070934814046.49,0.9832,320695851837.33,0.9459,1838033113.44,0.8519,1508299.44,0.6086,94.3,1557,0,949,0,3,0
ultra_a1.0_d0.2_filt,True,1.5,1.0,0.2,10.0,True,2509,942,1567,0.3754,513.7,0.2047,1.8946,-0.8111,1.404,19.37,0.1342,0.1081,2.336,82,121,0.678,15613850249966.66,0.9994,5133853015863.23,0.9869,220114761453.82,0.9506,1482334142.06,0.857,1380720.99,0.6153,94.9,1567,0,939,0,3,0
ultra_a1.1_d0.2_filt,True,1.5,1.1,0.2,10.0,True,2509,939,1570,0.3743,538.09,0.2145,1.9831,-0.8433,1.406,20.78,0.1364,0.1081,2.352,86,121,0.711,34626256854596.83,0.9997,13240514058915.27,0.9913,530500469090.88,0.9634,3004430037.08,0.869,2096594.93,0.6144,90.6,1570,0,936,0,3,0
ultra_a1.25_d0.2_filt,True,1.5,1.25,0.2,10.0,True,2509,930,1579,0.3707,559.33,0.2229,2.0939,-0.879,1.403,20.28,0.1374,0.1065,2.382,90,121,0.744,36888268160843.82,0.9998,22630962449512.06,0.9924,967845682711.07,0.9656,5161737633.46,0.8728,2960797.34,0.6335,87.2,1579,0,927,0,3,0
best_range0.0_a0.85_d0.15,True,1.5,0.85,0.15,10.0,True,2509,952,1557,0.3794,525.77,0.2096,1.8054,-0.7662,1.441,17.47,0.1427,0.1161,2.356,87,121,0.719,708573556121075.2,0.9974,41483849576009.19,0.9692,876264606091.52,0.9228,3260030196.9,0.8128,1904651.23,0.5604,92.7,1557,0,950,0,2,0
best_range0.0_a0.95_d0.15,True,1.5,0.95,0.15,10.0,True,2509,952,1557,0.3794,563.4,0.2246,1.9069,-0.8041,1.45,18.37,0.1466,0.1178,2.371,84,121,0.694,4322689672561762.5,0.9988,231534240814716.28,0.9803,3933259151518.03,0.9445,10332589418.89,0.8494,3685527.16,0.6051,86.6,1557,0,949,0,3,0
best_range0.0_a1.0_d0.15,True,1.5,1.0,0.15,10.0,True,2509,942,1567,0.3754,559.26,0.2229,1.9429,-0.8111,1.44,18.37,0.1442,0.1147,2.395,82,121,0.678,1390174960858254.8,0.9992,123123619795277.38,0.983,2576731391370.6,0.9475,8079384811.27,0.8548,3322454.08,0.6124,87.2,1567,0,939,0,3,0
best_range0.0_a1.1_d0.15,True,1.5,1.1,0.15,10.0,True,2509,939,1570,0.3743,584.89,0.2331,2.0329,-0.8433,1.442,20.01,0.1464,0.1147,2.411,88,121,0.727,3366033833651698.5,0.9996,340363375939725.2,0.9888,6572750359899.39,0.9553,17065792605.81,0.8547,5160274.22,0.6099,83.5,1570,0,936,0,3,0
best_range0.0_a1.25_d0.15,True,1.5,1.25,0.15,10.0,True,2509,930,1579,0.3707,605.68,0.2414,2.1437,-0.879,1.436,18.63,0.1469,0.1126,2.439,91,121,0.752,3265384815474102.0,0.9997,550005790683957.1,0.99,11531006074694.18,0.9581,28629925096.39,0.8686,7210695.96,0.6289,80.6,1579,0,927,0,3,0
best_range0.002_a0.85_d0.15,True,1.5,0.85,0.15,10.0,True,2295,877,1418,0.3821,495.77,0.216,1.7968,-0.7616,1.459,18.38,0.1468,0.1202,2.359,88,121,0.727,340803549371032.56,0.999,14019888290652.01,0.983,307549479663.79,0.9425,1381109819.97,0.8295,1140447.71,0.5811,90.0,1418,0,875,0,2,0
best_range0.002_a0.95_d0.15,True,1.5,0.95,0.15,10.0,True,2295,879,1416,0.383,534.9,0.2331,1.8986,-0.8008,1.472,19.13,0.1516,0.1228,2.371,88,121,0.727,2808685800358312.5,0.9995,93243298543790.62,0.9897,1559015040798.7,0.9598,4714938082.75,0.8643,2282228.81,0.6237,83.5,1416,0,876,0,3,0
best_range0.002_a1.0_d0.15,True,1.5,1.0,0.15,10.0,True,2295,871,1424,0.3795,533.11,0.2323,1.9347,-0.809,1.463,19.13,0.1496,0.1201,2.391,85,121,0.702,1204965924506402.5,0.9997,60001180386943.48,0.992,1177717746141.87,0.9666,4052586420.95,0.8798,2156642.65,0.6306,83.8,1424,0,868,0,3,0
best_range0.002_a1.1_d0.15,True,1.5,1.1,0.15,10.0,True,2295,869,1426,0.3786,558.6,0.2434,2.0272,-0.8436,1.464,20.99,0.152,0.1201,2.403,88,121,0.727,3099541343590080.5,0.9999,170091975568548.78,0.9954,3042603732360.73,0.978,8595763750.04,0.9087,3348842.32,0.6734,80.0,1426,0,866,0,3,0
best_range0.002_a1.25_d0.15,True,1.5,1.25,0.15,10.0,True,2295,861,1434,0.3752,573.25,0.2498,2.1327,-0.8808,1.454,18.98,0.1513,0.1171,2.421,90,121,0.744,1901436776959780.8,0.9999,191877922954383.38,0.9948,3987324641243.85,0.9754,11685690477.24,0.9003,4176759.57,0.6566,78.0,1434,0,858,0,3,0
best_range0.003_a0.85_d0.15,True,1.5,0.85,0.15,10.0,True,1933,768,1165,0.3973,478.93,0.2478,1.7773,-0.7605,1.541,12.55,0.1678,0.1394,2.337,89,119,0.748,4655597935788815.0,0.9985,30953353095948.64,0.9793,383197904420.92,0.9353,1233595122.55,0.8191,940646.11,0.5491,78.6,1165,0,767,0,1,0
best_range0.003_a0.95_d0.15,True,1.5,0.95,0.15,10.0,True,1933,768,1165,0.3973,516.72,0.2673,1.8877,-0.8009,1.554,13.72,0.1726,0.1416,2.357,92,119,0.773,3.999257474622401e+16,0.9992,203085309626120.84,0.9865,1891590565310.62,0.9524,4090565892.81,0.8513,1844130.87,0.5939,72.9,1165,0,766,0,2,0
best_range0.003_a1.0_d0.15,True,1.5,1.0,0.15,10.0,True,1933,760,1173,0.3932,517.38,0.2677,1.9281,-0.8082,1.546,14.51,0.171,0.1388,2.386,91,119,0.765,2.3788420656927708e+16,0.9995,161314420622127.7,0.9895,1668942450102.84,0.9605,3892397109.47,0.8682,1831960.05,0.6127,72.8,1173,0,758,0,2,0
best_range0.003_a1.1_d0.15,True,1.5,1.1,0.15,10.0,True,1933,759,1174,0.3927,542.92,0.2809,2.0223,-0.845,1.547,12.94,0.1736,0.1389,2.393,94,119,0.79,7.401920374369078e+16,0.9997,499540855655169.06,0.9919,4538310970285.72,0.9674,8454965548.53,0.8836,2863400.4,0.6355,69.5,1174,0,757,0,2,0
best_range0.003_a1.25_d0.15,True,1.5,1.25,0.15,10.0,True,1933,748,1185,0.387,541.23,0.28,2.1233,-0.8835,1.517,13.89,0.1683,0.1319,2.403,90,119,0.756,1.049894965080333e+16,0.9996,192993068368785.94,0.9912,2559920491118.91,0.9646,6370929896.7,0.8758,2618827.5,0.6212,69.7,1185,0,746,0,2,0
best_range0.004_a0.85_d0.15,True,1.5,0.85,0.15,10.0,True,1546,625,921,0.4043,372.06,0.2407,1.7313,-0.7709,1.524,14.19,0.1642,0.139,2.246,83,113,0.735,3527594055767.92,0.9957,82394513288.1,0.9629,2853402386.14,0.9036,34257905.33,0.7704,132597.16,0.5137,80.9,921,0,624,0,1,0
best_range0.004_a0.95_d0.15,True,1.5,0.95,0.15,10.0,True,1546,621,925,0.4017,399.92,0.2587,1.8437,-0.8054,1.537,15.27,0.1682,0.1403,2.289,82,113,0.726,15815608675995.67,0.9983,315312495010.75,0.9791,9004855961.28,0.937,81763620.2,0.8262,216951.96,0.5754,75.3,925,0,619,0,2,0
best_range0.004_a1.0_d0.15,True,1.5,1.0,0.15,10.0,True,1546,614,932,0.3972,401.21,0.2595,1.8896,-0.8144,1.529,15.06,0.1665,0.1373,2.32,82,113,0.726,10384529924609.37,0.9988,266218079683.22,0.9838,8301264526.68,0.9477,80007417.16,0.846,218405.44,0.5879,75.1,932,0,612,0,2,0
best_range0.004_a1.1_d0.15,True,1.5,1.1,0.15,10.0,True,1546,610,936,0.3946,415.32,0.2686,1.989,-0.8526,1.52,13.8,0.1664,0.1351,2.333,87,113,0.77,11379967443289.0,0.9993,384963221602.94,0.9885,12418385065.76,0.9594,114535122.88,0.8698,274428.52,0.6207,72.6,936,0,608,0,2,0
best_range0.004_a1.25_d0.15,True,1.5,1.25,0.15,10.0,True,1546,599,947,0.3875,408.04,0.2639,2.0869,-0.8891,1.485,13.83,0.1594,0.1265,2.347,83,113,0.735,1343931224153.14,0.9993,119670272658.98,0.9881,5724119977.8,0.9577,73378101.7,0.8648,228024.88,0.6116,73.8,947,0,597,0,2,0
best_range0.005_a0.85_d0.15,True,1.5,0.85,0.15,10.0,True,1195,496,699,0.4151,255.95,0.2142,1.6068,-0.774,1.473,16.54,0.1538,0.1333,2.076,64,93,0.688,1440657893.92,0.9878,135113268.62,0.9222,14265882.68,0.8416,709320.35,0.7023,15866.82,0.4498,90.7,699,0,496,0,0,0
best_range0.005_a0.95_d0.15,True,1.5,0.95,0.15,10.0,True,1195,492,703,0.4117,279.05,0.2335,1.7257,-0.8108,1.49,20.13,0.1583,0.1353,2.128,67,93,0.72,4927260953.18,0.9932,407390019.3,0.9525,36764579.89,0.8952,1454124.09,0.7735,23840.35,0.5196,83.3,703,0,491,0,1,0
best_range0.005_a1.0_d0.15,True,1.5,1.0,0.15,10.0,True,1195,487,708,0.4075,280.8,0.235,1.7717,-0.822,1.482,19.92,0.1566,0.1326,2.155,64,93,0.688,3649816854.56,0.9948,367879242.63,0.9581,35458746.85,0.9025,1461073.9,0.784,24273.49,0.5306,82.8,708,0,486,0,1,0
best_range0.005_a1.1_d0.15,True,1.5,1.1,0.15,10.0,True,1195,482,713,0.4033,295.07,0.2469,1.8902,-0.864,1.479,17.89,0.1572,0.1306,2.188,67,93,0.72,4609525456.03,0.9972,570017103.36,0.9725,55309674.56,0.9234,2135935.99,0.8035,30711.06,0.5372,78.9,713,0,481,0,1,0
best_range0.005_a1.25_d0.15,True,1.5,1.25,0.15,10.0,True,1195,471,724,0.3941,284.29,0.2379,1.9858,-0.8992,1.437,19.0,0.1479,0.1198,2.208,64,93,0.688,522867164.02,0.9968,160235423.31,0.968,22939603.11,0.9127,1248334.65,0.7857,24093.61,0.5313,81.8,724,0,470,0,1,0
best_range0.007_a0.85_d0.15,True,1.5,0.85,0.15,10.0,True,770,334,436,0.4338,175.33,0.2277,1.5459,-0.7821,1.514,10.74,0.163,0.1473,1.977,44,66,0.667,17881602.7,0.9648,2426144.2,0.8865,455682.76,0.8006,53091.53,0.6542,3719.9,0.4083,85.4,436,0,334,0,0,0
best_range0.007_a0.95_d0.15,True,1.5,0.95,0.15,10.0,True,770,332,438,0.4312,188.41,0.2447,1.6458,-0.8174,1.526,12.13,0.1679,0.1487,2.014,45,66,0.682,39353620.23,0.9829,4767659.7,0.9293,804134.45,0.8597,81007.59,0.726,4705.83,0.4727,79.6,438,0,332,0,0,0
best_range0.007_a1.0_d0.15,True,1.5,1.0,0.15,10.0,True,770,329,441,0.4273,188.56,0.2449,1.6826,-0.8277,1.517,11.92,0.1662,0.1455,2.033,45,66,0.682,31877738.33,0.9849,4339877.29,0.9349,763386.29,0.8681,79264.29,0.7369,4686.62,0.4833,79.5,441,0,329,0,0,0
best_range0.007_a1.1_d0.15,True,1.5,1.1,0.15,10.0,True,770,322,448,0.4182,197.9,0.257,1.8227,-0.8683,1.509,12.58,0.1648,0.141,2.099,48,66,0.727,32188955.46,0.9785,5379463.47,0.9169,977863.52,0.8412,99534.01,0.7016,5435.89,0.4491,75.8,448,0,322,0,0,0
best_range0.007_a1.25_d0.15,True,1.5,1.25,0.15,10.0,True,770,314,456,0.4078,188.14,0.2443,1.9176,-0.9079,1.454,15.24,0.1528,0.1274,2.112,43,66,0.652,5591541.45,0.9802,1888696.61,0.9208,467508.16,0.8463,62864.86,0.7077,4393.45,0.4543,79.7,456,0,314,0,0,0
best_range0.01_a0.85_d0.15,True,1.5,0.85,0.15,10.0,True,471,212,259,0.4501,115.52,0.2453,1.5213,-0.7992,1.558,13.14,0.1675,0.1612,1.903,29,42,0.69,377894.44,0.8584,92068.79,0.7169,29860.69,0.606,7165.0,0.4572,1241.68,0.2597,79.4,259,0,212,0,0,0
best_range0.01_a0.95_d0.15,True,1.5,0.95,0.15,10.0,True,471,207,264,0.4395,118.62,0.2519,1.631,-0.8295,1.542,13.79,0.1646,0.1544,1.966,27,42,0.643,333061.99,0.9218,92875.2,0.8082,31240.33,0.7051,7594.05,0.5519,1298.32,0.3268,77.3,264,0,207,0,0,0
best_range0.01_a1.0_d0.15,True,1.5,1.0,0.15,10.0,True,471,206,265,0.4374,120.82,0.2565,1.669,-0.8415,1.542,13.79,0.1659,0.1537,1.983,26,42,0.619,370453.23,0.9312,102929.11,0.8236,34175.17,0.7228,8134.29,0.5698,1349.98,0.3403,75.9,265,0,206,0,0,0
best_range0.01_a1.1_d0.15,True,1.5,1.1,0.15,10.0,True,471,199,272,0.4225,117.67,0.2498,1.7772,-0.8676,1.499,15.83,0.1576,0.1406,2.048,27,42,0.643,177787.55,0.9175,67882.58,0.8,25742.91,0.695,6870.16,0.5411,1253.66,0.3183,78.0,272,0,199,0,0,0
best_range0.01_a1.25_d0.15,True,1.5,1.25,0.15,10.0,True,471,191,280,0.4055,106.75,0.2266,1.873,-0.8964,1.425,17.51,0.1401,0.121,2.089,23,42,0.548,36115.73,0.9202,24899.98,0.7895,12417.88,0.6741,4293.27,0.5111,999.19,0.2929,85.8,280,0,191,0,0,0
best_body0.0_a0.95_d0.15,True,1.5,0.95,0.15,10.0,False,3383,1261,2122,0.3727,710.49,0.21,1.918,-0.805,1.416,25.99,0.1371,0.1095,2.383,92,124,0.742,5.815907255064223e+17,1.0,8.069577146539555e+16,0.9973,885232632173679.0,0.9857,782236264764.46,0.9335,46764266.52,0.7258,92.5,2121,0,1258,1,3,0
best_body0.3_a0.95_d0.15,True,1.5,0.95,0.15,10.0,True,3153,1167,1986,0.3701,642.91,0.2039,1.9194,-0.8041,1.403,24.37,0.1335,0.1062,2.387,90,123,0.732,6334174383755391.0,0.9999,1934222757981237.8,0.9963,40464233353737.63,0.9789,81735673364.73,0.9126,13580706.18,0.6867,95.3,1986,0,1164,0,3,0
best_body0.4_a0.95_d0.15,True,1.5,0.95,0.15,10.0,True,2864,1065,1799,0.3719,601.26,0.2099,1.9167,-0.8004,1.418,19.54,0.1374,0.1095,2.395,91,121,0.752,2919218797449644.5,0.9997,488003062538296.56,0.9913,10246501865282.92,0.9643,25808088511.5,0.8836,6736924.11,0.6465,92.5,1799,0,1062,0,3,0
best_body0.5_a0.95_d0.15,True,1.5,0.95,0.15,10.0,True,2509,952,1557,0.3794,563.4,0.2246,1.9069,-0.8041,1.45,18.37,0.1466,0.1178,2.371,84,121,0.694,4322689672561762.5,0.9988,231534240814716.28,0.9803,3933259151518.03,0.9445,10332589418.89,0.8494,3685527.16,0.6051,86.6,1557,0,949,0,3,0
best_body0.6_a0.95_d0.15,True,1.5,0.95,0.15,10.0,True,2008,739,1269,0.368,367.82,0.1832,1.8901,-0.8109,1.357,21.58,0.1209,0.0969,2.331,77,121,0.636,847122764.31,0.9984,1571614560.98,0.9819,275194466.34,0.9484,11173574.93,0.857,95370.39,0.6162,105.9,1269,0,737,0,2,0
best_body0.7_a0.95_d0.15,True,1.5,0.95,0.15,10.0,True,1419,509,910,0.3587,235.89,0.1662,1.933,-0.822,1.315,20.06,0.1065,0.086,2.352,65,113,0.575,223240.05,0.9952,1331392.17,0.9612,736713.39,0.9097,140737.24,0.7944,8581.77,0.5419,116.6,910,0,507,0,2,0
best_fcY_vl0.0_vs0.0_d0.15,True,1.5,0.95,0.15,10.0,True,3993,1463,2530,0.3664,677.24,0.1696,1.87,-0.8137,1.329,22.62,0.1132,0.0907,2.298,93,124,0.75,16086368096007.76,1.0,294249440496252.1,0.9963,22355833646059.75,0.9771,96764982695.07,0.8924,19821162.31,0.6413,114.3,2527,0,1456,5,4,1
best_fcN_vl0.0_vs0.0_d0.15,True,1.5,0.95,0.15,10.0,True,8671,3201,5470,0.3692,1564.09,0.1804,1.8646,-0.8052,1.355,36.92,0.1199,0.0967,2.316,102,125,0.816,5.144951210144851e+30,1.0,8.918198919005952e+31,0.9999,5.858128917700599e+28,0.9988,7.515008627391572e+22,0.9837,123856909287646.47,0.8438,107.5,5461,0,3182,18,9,1
best_fcY_vl0.5_vs0.25_d0.15,True,1.5,0.95,0.15,10.0,True,3113,1145,1968,0.3678,607.08,0.195,1.9154,-0.8059,1.383,18.39,0.1277,0.1018,2.377,88,123,0.715,181905261839420.4,0.9998,154960860715838.75,0.9912,5725694926430.55,0.96,21266252001.43,0.8569,6778086.32,0.6013,99.5,1968,0,1141,0,4,0
best_fcN_vl0.5_vs0.25_d0.15,True,1.5,0.95,0.15,10.0,True,6673,2435,4238,0.3649,1212.43,0.1817,1.8898,-0.7997,1.358,36.35,0.1212,0.0961,2.363,98,125,0.784,4.045071945715074e+24,1.0,2.6393444064295985e+25,1.0,7.809885965647075e+22,0.9994,1.8788160675357706e+18,0.9903,268243095597.79,0.8875,106.8,4234,0,2429,6,4,0
best_fcY_vl1.0_vs0.25_d0.15,True,1.5,0.95,0.15,10.0,True,2509,952,1557,0.3794,563.4,0.2246,1.9069,-0.8041,1.45,18.37,0.1466,0.1178,2.371,84,121,0.694,4322689672561762.5,0.9988,231534240814716.28,0.9803,3933259151518.03,0.9445,10332589418.89,0.8494,3685527.16,0.6051,86.6,1557,0,949,0,3,0
best_fcN_vl1.0_vs0.25_d0.15,True,1.5,0.95,0.15,10.0,True,5337,1976,3361,0.3702,1062.19,0.199,1.8945,-0.7978,1.396,33.28,0.1322,0.1051,2.375,95,125,0.76,4.221538728410945e+24,1.0,6.770274691010687e+23,1.0,1.1659825717101965e+21,0.9994,4.136114092168293e+16,0.9918,23373918818.02,0.9005,97.6,3360,0,1971,3,3,0
best_fcY_vl1.5_vs0.5_d0.15,True,1.5,0.95,0.15,10.0,True,1803,682,1121,0.3783,422.3,0.2342,1.955,-0.8127,1.464,19.39,0.1514,0.1198,2.406,87,117,0.744,3015434901385.15,0.998,259795423144.5,0.9732,11117887461.8,0.92,120158340.08,0.7888,298277.47,0.5091,83.1,1121,0,681,0,1,0
best_fcN_vl1.5_vs0.5_d0.15,True,1.5,0.95,0.15,10.0,True,3750,1353,2397,0.3608,713.73,0.1903,1.9451,-0.8002,1.372,30.01,0.1248,0.0978,2.431,91,125,0.728,5889806818683634.0,1.0,1.065477671591386e+16,0.9999,291028268291939.7,0.9986,492958950951.94,0.986,42919702.01,0.8737,102.0,2397,0,1352,0,1,0
best_fcY_vl2.0_vs0.5_d0.15,True,1.5,0.95,0.15,10.0,True,1682,640,1042,0.3805,387.31,0.2303,1.9333,-0.8157,1.456,23.79,0.1499,0.1191,2.37,84,115,0.73,366549230874.86,0.9965,42111876939.42,0.9627,2403796048.4,0.8994,38480740.78,0.7581,158528.95,0.503,84.5,1042,0,639,0,1,0
best_fcN_vl2.0_vs0.5_d0.15,True,1.5,0.95,0.15,10.0,True,3474,1255,2219,0.3613,659.72,0.1899,1.9408,-0.8004,1.371,32.11,0.1247,0.0978,2.425,90,125,0.72,560791036793199.1,1.0,964467247000365.0,0.9998,34465288987422.55,0.9976,94274085579.9,0.98,16606082.86,0.8499,102.2,2219,0,1254,0,1,0
CANDIDATE_ALPHA,True,1.5,0.95,0.15,10.0,True,1933,768,1165,0.3973,516.72,0.2673,1.8877,-0.8009,1.554,13.72,0.1726,0.1416,2.357,92,119,0.773,3.999257474622401e+16,0.9992,203085309626120.84,0.9865,1891590565310.62,0.9524,4090565892.81,0.8513,1844130.87,0.5939,72.9,1165,0,766,0,2,0
CANDIDATE_BETA,True,1.5,1.25,0.15,10.0,True,1933,748,1185,0.387,541.23,0.28,2.1233,-0.8835,1.517,13.89,0.1683,0.1319,2.403,90,119,0.756,1.049894965080333e+16,0.9996,192993068368785.94,0.9912,2559920491118.91,0.9646,6370929896.7,0.8758,2618827.5,0.6212,69.7,1185,0,746,0,2,0
CANDIDATE_SAFE,True,1.5,0.75,0.15,10.0,True,1933,762,1171,0.3942,462.51,0.2393,1.7172,-0.7225,1.547,12.71,0.1656,0.1393,2.377,85,119,0.714,2183277310262947.0,0.9981,14524077628990.78,0.9769,196809403344.61,0.9303,739006502.05,0.8113,702740.02,0.5409,81.3,1171,0,761,0,1,0
LIVE_BASELINE,True,1.5,1.0,0.5,10.0,True,1195,484,711,0.405,116.91,0.0978,1.444,-0.8186,1.201,22.84,0.0718,0.0678,1.764,57,93,0.613,213.16,0.999,3104.76,0.9851,4372.79,0.9521,3051.8,0.8584,1011.8,0.6099,197.3,711,0,483,0,1,0
