time,pair,session,direction,entry,sl,tp,risk_per_unit,dollar_risk,qty,fee_r,ob_h,ob_l,ob_o,ob_c
2026-02-21T12:55:07.297430+00:00,RPL/USDT:USDT,london,short,2.4454,2.4541,2.4192999999999993,0.008700000000000152,0.5234935966745818,60.171677778686515,0.1124,2.4541,2.4172,2.4176,2.4516
2026-02-21T13:04:07.969855+00:00,SNX/USDT:USDT,london,short,0.3843,0.3851,0.38349999999999995,0.0008000000000000229,0.3093927243091424,386.7409053864169,0.1921,0.3851,0.3844,0.3846,0.385
2026-02-21T13:15:08.083492+00:00,RPL/USDT:USDT,london,long,2.4027,2.3927,2.432699999999999,0.009999999999999787,0.6114230880259578,61.14230880259708,0.0961,2.4059,2.3927,2.4052,2.3989
2026-02-21T13:16:05.061874+00:00,HNT/USDT:USDT,london,short,1.5442,1.5482,1.5322,0.0040000000000000036,0.37990974979924913,94.9774374498122,0.1544,1.5482,1.5429,1.5463,1.5472
2026-02-21T13:27:08.505360+00:00,SPACE/USDT:USDT,london,long,0.010117,0.010092,0.010191999999999996,2.499999999999898e-05,0.35475488630521446,14190.195452209156,0.1619,0.010115,0.010092,0.010106,0.010092
2026-02-21T13:40:05.128043+00:00,HNT/USDT:USDT,london,short,1.5256,1.5294,1.5142,0.0038000000000000256,0.3559360479155766,93.66738103041426,0.1606,1.5294,1.5223,1.5227,1.5271
2026-02-21T13:41:04.320179+00:00,GUN/USDT:USDT,london,long,0.02844,0.028398,0.028566,4.200000000000037e-05,0.20825323377848284,4958.410328059072,0.2709,0.028459,0.028398,0.028451,0.028406
2026-02-21T13:52:07.124322+00:00,RPL/USDT:USDT,london,short,2.3782,2.3828,2.3644000000000003,0.0045999999999999375,0.26969797810444507,58.62999524009755,0.2068,2.3828,2.3725,2.3726,2.3783
2026-02-21T13:58:06.010704+00:00,JUP/USDT:USDT,london,long,0.15931,0.15857,0.16042000000000003,0.0007400000000000184,0.6510637332571878,879.8158557529346,0.0861,0.15871,0.15857,0.15868,0.15857
2026-02-21T14:20:03.420922+00:00,ENSO/USDT:USDT,london,short,1.8922,1.897,1.8778000000000004,0.0047999999999999154,0.35497063211922003,73.95221502483881,0.1577,1.897,1.8828,1.8892,1.8957
2026-02-21T14:21:04.097058+00:00,GUN/USDT:USDT,london,long,0.02841,0.028339,0.028623000000000006,7.100000000000162e-05,0.3491310231911378,4917.338354804646,0.1601,0.028362,0.028339,0.028353,0.028345
2026-02-21T14:27:03.231194+00:00,AWE/USDT:USDT,london,short,0.05788,0.058,0.05757999999999999,0.00012000000000000205,0.29103937768487026,2425.3281473738775,0.1929,0.058,0.05784,0.05789,0.05797
2026-02-21T14:30:08.397628+00:00,SPACE/USDT:USDT,london,short,0.010372,0.010391,0.010315,1.899999999999992e-05,0.2563055194841871,13489.764183378327,0.2184,0.010391,0.010344,0.010369,0.010386
2026-02-21T14:39:03.549142+00:00,ENSO/USDT:USDT,london,long,1.9033,1.896,1.9252000000000002,0.007300000000000084,0.52413731887144,71.79963272211424,0.1043,1.9143,1.896,1.9111,1.8998
2026-02-21T14:45:06.920592+00:00,HNT/USDT:USDT,london,long,1.5741,1.5684,1.5912000000000002,0.005700000000000038,0.49755987497999193,87.2912061368401,0.1105,1.5741,1.5684,1.5695,1.5684
2026-02-21T15:06:03.467508+00:00,ENSO/USDT:USDT,london,short,1.954,1.9707,1.9039000000000001,0.016699999999999937,1.1483928368904768,68.76603813715455,0.0468,1.9707,1.936,1.9443,1.963
2026-02-21T15:12:07.570937+00:00,SPACE/USDT:USDT,london,long,0.010278,0.010236,0.010404000000000002,4.200000000000037e-05,0.5471900647285513,13028.334874489201,0.0979,0.010283,0.010236,0.010267,0.010252
2026-02-21T15:36:04.132160+00:00,GUN/USDT:USDT,london,long,0.028384,0.028311,0.028603,7.300000000000015e-05,0.3362058123597808,4605.559073421646,0.1555,0.028388,0.028311,0.028383,0.028323
2026-02-21T15:37:05.420147+00:00,ICP/USDT:USDT,london,long,2.254,2.247,2.261,0.007000000000000117,0.4053059625465906,57.90085179236912,0.1288,2.252,2.247,2.251,2.248
2026-02-21T15:51:04.319910+00:00,HBAR/USDT:USDT,london,short,0.10095,0.10114,0.10057,0.00018999999999999573,0.23912138699256522,1258.5336157503716,0.2125,0.10114,0.10103,0.10106,0.10111
2026-02-21T16:02:07.457471+00:00,TIA/USDT:USDT,ny,short,0.3369,0.3387,0.3314999999999999,0.0018000000000000238,0.6840271102760556,380.01506126447026,0.0749,0.3387,0.3379,0.338,0.3387
2026-02-21T16:11:06.955680+00:00,SNX/USDT:USDT,ny,short,0.4078,0.4136,0.40199999999999997,0.005800000000000027,1.8178809693428237,313.42775333496814,0.0281,0.4136,0.4053,0.4089,0.4125
2026-02-21T16:17:02.609148+00:00,AWE/USDT:USDT,ny,short,0.0572,0.05731,0.056925,0.00010999999999999899,0.25258691936538225,2296.2447215034963,0.208,0.05731,0.05717,0.05723,0.05731
2026-02-21T16:19:04.200904+00:00,HBAR/USDT:USDT,ny,long,0.10056,0.1004,0.10087999999999998,0.00015999999999999348,0.20829425245822544,1301.839077863962,0.2514,0.10055,0.1004,0.10049,0.1004
2026-02-21T16:44:06.884203+00:00,SNX/USDT:USDT,ny,long,0.4054,0.4035,0.40729999999999994,0.0018999999999999573,0.6127836828662911,322.51772782437104,0.0853,0.4084,0.4035,0.4073,0.4039
2026-02-21T17:08:02.625614+00:00,AWE/USDT:USDT,ny,long,0.05691,0.05681,0.05716000000000001,0.00010000000000000286,0.22457059103848825,2245.7059103848183,0.2276,0.05699,0.05681,0.05698,0.05683
2026-02-21T17:22:02.922970+00:00,C98/USDT:USDT,ny,short,0.026779,0.026873,0.026638000000000002,9.400000000000033e-05,0.4555796719817784,4846.592255125285,0.114,0.026873,0.02678,0.026784,0.026873
2026-02-21T17:29:06.022744+00:00,RESOLV/USDT:USDT,ny,long,0.06527,0.06516,0.06538,0.00010999999999999899,0.2183700536387294,1985.1823058066493,0.2373,0.06525,0.06516,0.06523,0.06521
2026-02-21T18:08:04.927871+00:00,ICP/USDT:USDT,ny,short,2.234,2.238,2.23,0.0040000000000000036,0.22909571457475403,57.27392864368846,0.2234,2.238,2.231,2.232,2.236
2026-02-21T18:28:02.866859+00:00,C98/USDT:USDT,ny,short,0.027258,0.02743,0.027000000000000003,0.00017199999999999854,0.7982135794100748,4640.776624477218,0.0634,0.02743,0.027289,0.027305,0.027394
2026-02-21T22:20:07.792377+00:00,HNT/USDT:USDT,ny,long,1.5172,1.5105,1.5373000000000006,0.00670000000000015,0.5642968547633925,84.22341115871342,0.0906,1.5219,1.5105,1.5156,1.5132
2026-02-21T23:10:03.998437+00:00,C98/USDT:USDT,ny,long,0.02646,0.026309,0.026686500000000002,0.00015100000000000183,0.4377988577346992,2899.3301836734695,0.0701,0.026573,0.026309,0.026542,0.02637
2026-02-21T23:10:32.447678+00:00,BIO/USDT:USDT,ny,short,0.02909,0.02932,0.028630000000000006,0.00022999999999999757,0.6065570172499076,2637.204422825713,0.0506,0.02932,0.0289,0.02903,0.02923
2026-02-21T23:10:33.236745+00:00,BEAT/USDT:USDT,ny,short,0.24571,0.247,0.24313000000000004,0.0012899999999999856,0.4027674774791376,312.2228507590249,0.0762,0.247,0.24539,0.24636,0.24685
2026-02-21T23:10:33.835188+00:00,INIT/USDT:USDT,ny,short,0.09837,0.0987,0.09771,0.00032999999999999696,0.2573586591216811,779.874724611162,0.1192,0.0987,0.09823,0.09829,0.09859
2026-02-21T23:15:34.431974+00:00,BTR/USDT:USDT,ny,short,0.20531,0.20619,0.20354999999999995,0.0008800000000000197,0.32719438213122354,371.81179787638206,0.0933,0.20619,0.2044,0.20514,0.20588
2026-02-21T23:20:33.244097+00:00,KITE/USDT:USDT,ny,long,0.22193,0.2201,0.22558999999999998,0.0018299999999999983,0.6258218792191226,341.97916897219847,0.0485,0.22243,0.2201,0.2222,0.22026
2026-02-22T00:05:30.506655+00:00,LIT/USDT:USDT,asia,long,1.5158,1.504,1.5394,0.011800000000000033,1.5127793091687598,128.20163637023353,0.0514,1.5268,1.504,1.523,1.5168
2026-02-22T00:05:31.457910+00:00,IO/USDT:USDT,asia,short,0.12164,0.12233,0.12026,0.0006899999999999962,1.1023211762816447,1597.56692214732,0.0705,0.12233,0.12131,0.12134,0.12216
2026-02-22T00:05:32.353825+00:00,ATOM/USDT:USDT,asia,short,2.3037,2.3133,2.2845000000000004,0.009599999999999831,0.8098056118140241,84.35475123062899,0.096,2.3133,2.3039,2.3078,2.311
2026-02-22T00:10:34.787659+00:00,CYBER/USDT:USDT,asia,short,0.6216,0.648,0.5688000000000001,0.02639999999999998,5.381980916,203.86291348484863,0.0094,0.648,0.5754,0.5796,0.6242
2026-02-22T00:10:35.902663+00:00,AZTEC/USDT:USDT,asia,long,0.034314,0.033912,0.035117999999999996,0.0004019999999999996,2.2698615088987566,5646.421663927261,0.0341,0.03456,0.033912,0.034329,0.034044
2026-02-22T00:35:31.851404+00:00,JTO/USDT:USDT,asia,long,0.3066,0.3058,0.3081999999999999,0.0007999999999999674,0.4975171437651461,621.896429706458,0.1533,0.3113,0.3058,0.3092,0.3059
2026-02-22T00:35:32.555470+00:00,ACU/USDT:USDT,asia,long,0.11209,0.11143,0.11340999999999998,0.0006599999999999939,1.122709197338557,1701.0745414220717,0.0679,0.1122,0.11143,0.11198,0.11155
2026-02-22T00:40:32.182509+00:00,ME/USDT:USDT,asia,short,0.12625,0.12647,0.12581,0.00021999999999999797,0.3066723529150071,1393.9652405227723,0.2295,0.12647,0.12611,0.1264,0.12647
2026-02-22T00:50:30.725475+00:00,HMSTR/USDT:USDT,asia,long,0.0001746,0.0001742,0.00017539999999999995,3.999999999999826e-07,0.4064368089484359,1016092.0223711339,0.1746,0.0001751,0.0001742,0.0001748,0.0001745
2026-02-22T01:00:38.300283+00:00,KITE/USDT:USDT,asia,long,0.22511,0.22311,0.22911,0.0020000000000000018,1.5750133485140612,787.5066742570299,0.045,0.22912,0.22311,0.22865,0.22421
2026-02-22T01:20:03.794538+00:00,C98/USDT:USDT,asia,short,0.026384,0.026462,0.026267000000000006,7.799999999999821e-05,0.5141063726306736,6591.107341419043,0.1353,0.026462,0.026345,0.026378,0.026456
2026-02-22T01:20:32.975762+00:00,HMSTR/USDT:USDT,asia,short,0.0001743,0.0001748,0.00017330000000000004,4.99999999999985e-07,0.49885191077451185,997703.8215490535,0.1394,0.0001748,0.0001738,0.0001743,0.0001747
2026-02-22T01:20:33.703884+00:00,ENS/USDT:USDT,asia,short,6.633,6.654,6.591,0.020999999999999908,0.5505646461655337,26.217364103120765,0.1263,6.654,6.636,6.643,6.646
2026-02-22T01:40:32.188723+00:00,ICP/USDT:USDT,asia,long,2.171,2.167,2.179,0.0040000000000000036,0.3186106194527871,79.65265486319672,0.2171,2.174,2.167,2.172,2.168
2026-02-22T02:05:06.272321+00:00,SNX/USDT:USDT,asia,long,0.3972,0.3921,0.4023,0.005099999999999993,2.1971282608685776,430.80946291540795,0.0312,0.4023,0.3921,0.4006,0.3935
2026-02-22T02:05:32.990701+00:00,INJ/USDT:USDT,asia,long,3.712,3.704,3.728,0.008000000000000007,0.3687877557543107,46.0984694692888,0.1856,3.735,3.704,3.732,3.708
2026-02-22T02:10:32.448980+00:00,DYDX/USDT:USDT,asia,long,0.09888,0.09852,0.0996,0.0003599999999999992,0.6294477943398045,1748.4660953883495,0.1099,0.09883,0.09852,0.09872,0.09861
2026-02-22T02:10:32.898732+00:00,ENS/USDT:USDT,asia,long,6.661,6.642,6.698999999999998,0.01899999999999924,0.4931509116841118,25.95531114127008,0.1402,6.66,6.642,6.648,6.644
2026-02-22T02:10:33.639135+00:00,KAS/USDT:USDT,asia,long,0.03097,0.03088,0.03115,8.99999999999998e-05,0.5024200670351943,5582.445189279948,0.1376,0.03096,0.03088,0.03093,0.0309
2026-02-22T02:25:32.843959+00:00,KITE/USDT:USDT,asia,short,0.22498,0.2261,0.22274000000000005,0.0011199999999999821,0.8411313261281758,751.0101126144547,0.0804,0.2261,0.21934,0.22045,0.22354
2026-02-22T02:35:32.732375+00:00,CLO/USDT:USDT,asia,short,0.08724,0.0875,0.08672,0.00025999999999999635,0.509438507133418,1959.3788735900966,0.1342,0.0875,0.08695,0.08705,0.08746
2026-02-22T02:40:31.539301+00:00,ARC/USDT:USDT,asia,short,0.07633,0.07722,0.07454999999999999,0.0008900000000000019,1.989156057783314,2235.006806498101,0.0343,0.07722,0.07662,0.07697,0.07717
2026-02-22T02:50:31.036542+00:00,BIO/USDT:USDT,asia,short,0.02736,0.02741,0.027259999999999996,5.000000000000143e-05,0.31145692555921944,6229.138511184211,0.2189,0.02741,0.02708,0.02719,0.02738
2026-02-22T02:55:31.445280+00:00,ENSO/USDT:USDT,asia,long,1.928,1.9244,1.9351999999999996,0.0035999999999998256,0.31643885162612573,87.8996810072614,0.2142,1.952,1.9244,1.9479,1.9269
2026-02-22T02:55:32.183872+00:00,ENA/USDT:USDT,asia,long,0.1048,0.10449,0.10542000000000001,0.0003100000000000047,0.5012965777139389,1617.0857345610686,0.1352,0.10515,0.10449,0.10498,0.10469
2026-02-22T02:55:33.544733+00:00,BERA/USDT:USDT,asia,long,0.5679,0.5661,0.5714999999999998,0.0017999999999999128,0.5371492392456159,298.4162440253566,0.1262,0.5678,0.5661,0.5671,0.5669
2026-02-22T03:05:32.500341+00:00,FARTCOIN/USDT:USDT,asia,long,0.18004,0.17909,0.18194000000000002,0.0009500000000000064,0.8866212514252447,933.2855278160408,0.0758,0.18004,0.17909,0.17982,0.1794
2026-02-22T03:05:33.220252+00:00,GALA/USDT:USDT,asia,long,0.003818,0.003808,0.0038380000000000003,1.0000000000000026e-05,0.4400961928444223,44009.61928444212,0.1527,0.003822,0.003808,0.00382,0.003809
2026-02-22T03:25:06.532928+00:00,SNX/USDT:USDT,asia,long,0.3981,0.3963,0.39990000000000003,0.0018000000000000238,0.7517249541251042,417.62497451394125,0.0885,0.3985,0.3963,0.398,0.3968
2026-02-22T03:25:31.515118+00:00,LINK/USDT:USDT,asia,long,8.809,8.792,8.842999999999998,0.01699999999999946,0.3208491928729607,18.87348193370417,0.2073,8.849,8.792,8.845,8.805
2026-02-22T03:35:31.814985+00:00,AXS/USDT:USDT,asia,long,1.3295,1.3253,1.3378999999999999,0.0041999999999999815,0.5529096106442999,131.64514539150056,0.1266,1.3312,1.3253,1.3301,1.3265
2026-02-22T03:45:31.972039+00:00,ENSO/USDT:USDT,asia,short,1.9106,1.9138,1.9042000000000003,0.0031999999999998696,0.294875019419228,92.1484435685125,0.2388,1.9138,1.8872,1.9004,1.9129
2026-02-22T03:55:30.365138+00:00,INJ/USDT:USDT,asia,short,3.645,3.661,3.613,0.016000000000000014,0.7734952540444452,48.343453377777784,0.0911,3.661,3.638,3.648,3.66
2026-02-22T04:10:06.354547+00:00,JUP/USDT:USDT,asia,short,0.15425,0.15446,0.153872,0.00020999999999998797,0.23829317434851147,1134.7294016596434,0.2938,0.15446,0.15402,0.15421,0.15437
2026-02-22T04:10:31.855163+00:00,BIO/USDT:USDT,asia,long,0.02694,0.02678,0.027211999999999993,0.00015999999999999695,1.039536808944301,6497.105055902005,0.0674,0.02715,0.02678,0.02701,0.0268
2026-02-22T04:10:33.434393+00:00,AERO/USDT:USDT,asia,short,0.3202,0.3214,0.3170799999999999,0.0012000000000000344,0.6559600632329983,546.6333860274829,0.1067,0.3214,0.32,0.3201,0.3208
2026-02-22T04:25:33.178192+00:00,ESP/USDT:USDT,asia,short,0.07587,0.07662,0.07414500000000004,0.0007499999999999868,5.659591734875345,7546.1223131672605,0.0405,0.07662,0.07553,0.07562,0.07621
2026-02-22T04:55:33.794168+00:00,AGLD/USDT:USDT,asia,short,0.24313,0.24544,0.23712400000000006,0.0023099999999999787,5.48326957125,2373.7097711039182,0.0421,0.24544,0.24067,0.24093,0.24389
2026-02-22T05:05:31.347792+00:00,AAVE/USDT:USDT,asia,long,119.32,118.86,120.23999999999998,0.45999999999999375,0.5382508294988194,1.170110498910493,0.1038,119.3,118.86,119.21,119.12
2026-02-22T05:15:33.502203+00:00,EUL/USDT:USDT,asia,long,0.978,0.9758,0.9823999999999999,0.0021999999999999797,1.0735710492147141,487.98684055214727,0.1778,0.9796,0.9758,0.9776,0.9758
2026-02-22T05:25:33.504409+00:00,AGLD/USDT:USDT,asia,short,0.24368,0.24677,0.23750000000000004,0.0030899999999999817,1.947131281,630.1395731391624,0.0315,0.24677,0.2436,0.24423,0.24618
2026-02-22T05:25:34.292600+00:00,ESP/USDT:USDT,asia,long,0.07644,0.07611,0.07709999999999999,0.00032999999999999696,1.3597399251805211,4120.424015698587,0.0927,0.0769,0.07611,0.07658,0.0762
2026-02-22T05:35:04.377731+00:00,C98/USDT:USDT,asia,short,0.026192,0.026305,0.025997075,0.00011299999999999852,1.307680038074204,11572.389717470984,0.0927,0.026305,0.026211,0.026261,0.026295
2026-02-22T05:50:33.562768+00:00,HANA/USDT:USDT,asia,long,0.035179,0.034971,0.035532600000000004,0.00020799999999999985,1.5336714796000004,7373.420575000007,0.0677,0.036331,0.034971,0.036308,0.035163
2026-02-22T05:55:32.913346+00:00,IO/USDT:USDT,asia,long,0.11835,0.11799,0.11907,0.0003599999999999992,1.0063339588745228,2795.3721079847915,0.1315,0.11844,0.11799,0.11833,0.11814
2026-02-22T06:15:35.662847+00:00,CLO/USDT:USDT,asia,short,0.0851,0.08554,0.08421999999999998,0.00044000000000000983,0.7524831298000001,1710.1889313635984,0.0774,0.08554,0.08496,0.08506,0.08545
2026-02-22T06:20:33.296601+00:00,DOGE/USDT:USDT,asia,long,0.09704,0.09682,0.09748,0.00021999999999999797,1.0135470971537415,4607.032259789777,0.1764,0.0971,0.09682,0.09707,0.09693
2026-02-22T06:30:35.475640+00:00,ENSO/USDT:USDT,asia,short,2.0245,2.0346,2.0012700000000003,0.010099999999999998,2.1053494937750004,208.4504449282179,0.0802,2.0346,1.9833,2.0047,2.0228
2026-02-22T06:35:32.962656+00:00,INJ/USDT:USDT,asia,long,3.603,3.593,3.6230000000000007,0.010000000000000231,0.7402783902000002,74.02783901999831,0.1441,3.628,3.593,3.617,3.594
2026-02-22T07:00:39.473368+00:00,FLOW/USDT:USDT,asia,long,0.0387,0.03837,0.03935999999999999,0.00032999999999999696,0.7290527920000001,2209.2508848485054,0.0469,0.03853,0.03837,0.03849,0.03841
2026-02-22T07:10:32.933199+00:00,BTR/USDT:USDT,asia,long,0.19416,0.19309,0.19662099999999996,0.0010699999999999876,0.8014406864200002,749.00998730842,0.0726,0.19474,0.19309,0.19381,0.19309
2026-02-22T07:20:33.299292+00:00,KITE/USDT:USDT,asia,short,0.22996,0.23233,0.22450899999999996,0.002370000000000011,0.8143409635900002,343.60378210548373,0.0388,0.23233,0.2231,0.22491,0.23092
2026-02-22T07:35:33.861336+00:00,BEAT/USDT:USDT,asia,long,0.23985,0.23928,0.24099000000000004,0.0005700000000000149,0.7310533915000001,1282.5498096490894,0.1683,0.24089,0.23928,0.23995,0.23938
2026-02-22T07:40:33.285790+00:00,BCH/USDT:USDT,asia,short,581.3,586.4,569.5699999999999,5.100000000000023,0.8004384219700001,0.1569487101901954,0.0456,586.4,580.5,580.6,584.5
2026-02-22T07:50:32.448017+00:00,ENSO/USDT:USDT,asia,short,2.2079,2.254,2.10187,0.04610000000000003,0.7867585171600002,17.066345274620385,0.0192,2.254,2.1463,2.1657,2.2366
2026-02-22T08:10:34.081505+00:00,1000PEPE/USDT:USDT,london,short,0.004098,0.004105,0.004084,7.000000000000062e-06,0.7009167881000001,100130.96972857056,0.2342,0.004105,0.004094,0.004095,0.004102
2026-02-22T08:20:34.201825+00:00,AZTEC/USDT:USDT,london,short,0.032509,0.032669,0.032189000000000016,0.00015999999999999348,0.6764012583345874,4227.507864591344,0.0813,0.032669,0.032093,0.032399,0.032546
2026-02-22T08:40:33.930653+00:00,FIGHT/USDT:USDT,london,short,0.007054,0.007105,0.0069367000000000005,5.099999999999983e-05,0.7788681943900002,15271.925380196133,0.0553,0.007105,0.006887,0.006933,0.007084
2026-02-22T08:55:35.032243+00:00,LYN/USDT:USDT,london,short,0.30589,0.30738,0.30291,0.0014899999999999913,0.6972855435,467.9768748322175,0.0821,0.30738,0.30339,0.3037,0.30635
2026-02-22T09:05:33.698062+00:00,FARTCOIN/USDT:USDT,london,long,0.18026,0.1794,0.18198,0.0008599999999999997,0.6862603221000002,797.9771187209308,0.0838,0.17996,0.1794,0.17969,0.17957
2026-02-22T09:10:31.267240+00:00,BTR/USDT:USDT,london,short,0.19536,0.1963,0.19348,0.0009399999999999964,0.6854701606000002,729.223575106386,0.0831,0.1963,0.1936,0.19396,0.1963
2026-02-22T09:10:32.576175+00:00,DYDX/USDT:USDT,london,short,0.09686,0.09713,0.09623900000000002,0.00026999999999999247,0.6576170743887904,2435.618794032625,0.1435,0.09713,0.09656,0.09678,0.09713
2026-02-22T09:45:33.061153+00:00,FLOW/USDT:USDT,london,long,0.03878,0.0386,0.039194,0.0001799999999999996,0.7551064209700002,4195.0356720555665,0.0862,0.03908,0.0386,0.03901,0.0387
2026-02-22T09:45:33.791750+00:00,ESP/USDT:USDT,london,long,0.07496,0.07396,0.07726,0.0010000000000000009,0.7551064209700002,755.1064209699996,0.03,0.07479,0.07396,0.07464,0.07415
2026-02-22T10:15:33.841148+00:00,MNT/USDT:USDT,london,long,0.6292,0.6271,0.63403,0.0020999999999999908,0.7404796562900002,352.6093601380969,0.1198,0.6306,0.6278,0.6304,0.6287
2026-02-22T10:15:33.849561+00:00,MNT/USDT:USDT,london,long,0.6292,0.6271,0.63403,0.0020999999999999908,0.7404796562900002,352.6093601380969,0.1198,0.6306,0.6278,0.6304,0.6287
2026-02-22T10:56:02.903083+00:00,HYPE/USDT:USDT,london,short,29.646,29.7375,29.463,0.09149999999999991,2.152475426111109,23.524321596842743,0.1296,29.707,29.583,29.637,29.674
2026-02-22T11:30:37.726390+00:00,BTR/USDT:USDT,london,long,0.20267,0.2006,0.20743099999999998,0.0020699999999999885,6.851292261374611,3309.803024818671,0.0392,0.20468,0.20129,0.20395,0.20162
2026-02-22T11:45:37.829506+00:00,HMSTR/USDT:USDT,london,long,0.0001761,0.00017535,0.00017759999999999998,7.499999999999911e-07,1.2703278986371231,1693770.531516184,0.0939,0.0001768,0.0001756,0.0001766,0.000176
2026-02-22T12:10:38.606470+00:00,BERA/USDT:USDT,london,short,0.588,0.59535,0.5732999999999998,0.007350000000000079,10.171899314000001,1383.9318794557676,0.032,0.5929,0.5883,0.5899,0.5919
2026-02-22T12:45:37.076924+00:00,LYN/USDT:USDT,london,long,0.30975,0.30769499999999994,0.3144765000000002,0.0020550000000000845,1.1657080230755927,567.2545124455206,0.0603,0.31159,0.30838,0.30982,0.30881
2026-02-22T13:00:39.356431+00:00,AZTEC/USDT:USDT,london,short,0.03056,0.03134,0.028766000000000003,0.0007799999999999994,4.371836229895284,5604.918243455497,0.0157,0.03108,0.030726,0.030796,0.031008
2026-02-22T13:10:07.430247+00:00,C98/USDT:USDT,london,short,0.02685,0.027292499999999997,0.0260866875,0.00044249999999999845,0.22969209954469197,519.0781910614526,0.0243,0.027145,0.026991,0.02704,0.027078
2026-02-22T14:05:38.277943+00:00,ENSO/USDT:USDT,london,short,1.9445,1.9576250000000002,1.9182499999999993,0.013125000000000275,1.050322945375,80.02460536190308,0.0593,1.955,1.937,1.9476,1.9528
